name,index,x1,y1,x2,y2,label,remarks
(0)000000037274.jpg,0,55,30,194,214,1,2
(1)000000037274.jpg,1,367,3,460,57,0,1
(0)000000107913.jpg,0,213,8,238,40,0,2
(1)000000107913.jpg,1,299,19,321,45,0,2
(2)000000107913.jpg,2,340,16,366,46,0,2
(3)000000107913.jpg,3,51,11,76,45,0,2
(4)000000107913.jpg,4,157,20,183,49,0,2
(5)000000107913.jpg,5,285,84,316,124,1,2
(6)000000107913.jpg,6,112,1,134,30,0,2
(0)000000006504.jpg,0,216,113,278,196,1,2
(1)000000006504.jpg,1,434,101,523,213,1,2
(2)000000006504.jpg,2,0,83,67,180,1,2
(3)000000006504.jpg,3,576,130,618,208,0,1
(0)000000042307.jpg,0,429,174,449,199,0,2
(1)000000042307.jpg,1,342,190,384,255,1,2
(0)000000063477.jpg,0,150,121,222,218,1,2
(1)000000063477.jpg,1,377,88,415,145,0,2
(0)000000037499.jpg,0,303,66,371,150,1,2
(1)000000037499.jpg,1,231,20,269,65,0,2
(2)000000037499.jpg,2,103,86,152,151,0,2
(3)000000037499.jpg,3,417,9,474,66,0,2
(4)000000037499.jpg,4,436,82,485,142,0,2
(5)000000037499.jpg,5,568,9,618,86,0,2
(0)up4573.jpg,0,269,107,298,139,1,2
(1)up4573.jpg,1,141,148,172,181,1,2
(2)up4573.jpg,2,188,67,220,102,1,2
(3)up4573.jpg,3,115,46,149,85,1,2
(4)up4573.jpg,4,338,134,364,165,1,2
(0)000000095114.jpg,0,102,153,121,176,0,2
(1)000000095114.jpg,1,300,155,314,174,0,2
(2)000000095114.jpg,2,474,152,494,182,0,2
(3)000000095114.jpg,3,577,163,598,196,0,2
(4)000000095114.jpg,4,371,148,418,217,0,2
(5)000000095114.jpg,5,244,163,262,188,0,2
(6)000000095114.jpg,6,558,268,599,317,0,2
(7)000000095114.jpg,7,353,136,372,165,0,2
(8)000000095114.jpg,8,215,188,263,260,1,2
(9)000000095114.jpg,9,520,145,552,173,0,2
(10)000000095114.jpg,10,342,157,355,176,1,2
(0)up3023.jpg,0,126,96,154,133,1,2
(1)up3023.jpg,1,384,77,420,127,1,2
(2)up3023.jpg,2,313,101,343,138,1,2
(3)up3023.jpg,3,75,107,109,147,1,2
(4)up3023.jpg,4,228,101,256,137,1,2
(0)000000021239.jpg,0,29,115,48,136,1,2
(1)000000021239.jpg,1,76,119,91,137,1,2
(2)000000021239.jpg,2,549,117,563,134,1,2
(3)000000021239.jpg,3,210,124,225,142,1,2
(4)000000021239.jpg,4,246,126,260,142,1,2
(5)000000021239.jpg,5,292,125,308,142,1,2
(6)000000021239.jpg,6,418,124,433,143,1,2
(7)000000021239.jpg,7,501,122,516,142,1,2
(8)000000021239.jpg,8,588,121,605,144,1,2
(9)000000021239.jpg,9,455,131,470,153,1,2
(10)000000021239.jpg,10,345,174,362,195,1,2
(11)000000021239.jpg,11,400,206,419,227,1,2
(12)000000021239.jpg,12,485,211,502,236,1,2
(13)000000021239.jpg,13,371,123,384,141,1,2
(14)000000021239.jpg,14,536,215,554,238,1,2
(15)000000021239.jpg,15,581,214,599,235,1,2
(16)000000021239.jpg,16,132,178,151,205,1,2
(17)000000021239.jpg,17,327,120,341,137,1,2
(18)000000021239.jpg,18,119,132,132,149,1,2
(19)000000021239.jpg,19,217,186,232,204,1,2
(20)000000021239.jpg,20,154,129,168,149,1,2
(21)000000021239.jpg,21,178,117,192,134,1,2
(22)000000021239.jpg,22,271,174,286,194,1,2
(0)000000045457.jpg,0,139,22,166,52,0,2
(1)000000045457.jpg,1,127,113,152,144,0,2
(2)000000045457.jpg,2,220,171,256,214,1,2
(3)000000045457.jpg,3,378,22,405,52,0,2
(4)000000045457.jpg,4,293,26,320,57,0,2
(5)000000045457.jpg,5,50,37,78,66,0,2
(0)000000009549.jpg,0,36,177,50,196,1,2
(1)000000009549.jpg,1,204,203,215,222,1,2
(2)000000009549.jpg,2,182,208,194,228,1,2
(3)000000009549.jpg,3,264,191,274,208,1,2
(4)000000009549.jpg,4,521,252,527,261,0,1
(0)000000076983.jpg,0,230,55,257,89,0,2
(1)000000076983.jpg,1,315,0,566,246,1,2
(0)000000052633.jpg,0,225,163,248,190,0,2
(1)000000052633.jpg,1,165,166,200,208,1,2
(2)000000052633.jpg,2,257,151,289,189,1,2
(3)000000052633.jpg,3,18,158,50,195,1,2
(4)000000052633.jpg,4,395,32,437,77,1,2
(5)000000052633.jpg,5,162,122,176,138,0,2
(6)000000052633.jpg,6,76,123,91,138,0,2
(7)000000052633.jpg,7,13,107,24,121,0,2
(0)000000051069.jpg,0,87,200,105,222,0,2
(1)000000051069.jpg,1,553,366,599,446,0,2
(2)000000051069.jpg,2,286,167,306,198,1,2
(3)000000051069.jpg,3,65,209,80,230,0,2
(0)000000072532.jpg,0,15,44,51,87,0,2
(1)000000072532.jpg,1,175,7,208,51,0,2
(2)000000072532.jpg,2,288,52,330,112,1,2
(3)000000072532.jpg,3,411,5,444,42,0,2
(0)000000029282.jpg,0,27,41,65,94,0,2
(1)000000029282.jpg,1,136,57,157,84,0,2
(2)000000029282.jpg,2,177,46,208,89,0,2
(3)000000029282.jpg,3,81,53,113,94,0,2
(4)000000029282.jpg,4,234,102,284,164,1,2
(5)000000029282.jpg,5,299,53,334,97,0,2
(6)000000029282.jpg,6,234,38,262,75,0,2
(0)000000059734.jpg,0,341,29,372,61,0,2
(1)000000059734.jpg,1,219,50,235,68,0,2
(2)000000059734.jpg,2,238,50,253,69,0,2
(3)000000059734.jpg,3,294,62,313,82,0,2
(4)000000059734.jpg,4,254,49,272,74,0,2
(5)000000059734.jpg,5,8,11,26,29,0,2
(6)000000059734.jpg,6,538,39,559,64,0,2
(7)000000059734.jpg,7,426,61,444,84,0,2
(8)000000059734.jpg,8,291,41,305,56,0,2
(9)000000059734.jpg,9,479,50,496,73,0,2
(0)up1959.jpg,0,102,38,141,106,1,2
(1)up1959.jpg,1,231,63,270,127,0,2
(2)up1959.jpg,2,392,57,435,111,0,2
(0)up2969.jpg,0,281,20,304,53,0,2
(1)up2969.jpg,1,309,181,353,235,0,2
(0)000000105699.jpg,0,178,71,201,98,0,2
(1)000000105699.jpg,1,330,65,365,107,1,2
(2)000000105699.jpg,2,83,116,95,132,0,2
(3)000000105699.jpg,3,445,126,462,146,0,2
(4)000000105699.jpg,4,266,97,286,124,0,2
(5)000000105699.jpg,5,311,114,325,132,0,2
(0)000000035070.jpg,0,399,73,452,151,1,2
(1)000000035070.jpg,1,255,89,292,138,0,2
(0)000000078022.jpg,0,513,69,529,86,0,2
(1)000000078022.jpg,1,317,104,496,284,1,1
(0)up2769.jpg,0,286,178,304,198,0,2
(1)up2769.jpg,1,231,180,247,199,0,2
(2)up2769.jpg,2,260,177,276,196,0,2
(3)up2769.jpg,3,87,110,124,148,1,2
(0)up4779.jpg,0,408,73,430,101,0,2
(1)up4779.jpg,1,277,22,320,80,1,2
(0)000000075381.jpg,0,129,111,183,194,1,2
(1)000000075381.jpg,1,227,92,269,152,1,2
(2)000000075381.jpg,2,363,33,407,98,1,2
(3)000000075381.jpg,3,527,60,576,120,1,2
(0)000000093578.jpg,0,340,162,372,203,1,2
(1)000000093578.jpg,1,168,128,199,177,1,2
(2)000000093578.jpg,2,407,173,418,187,0,2
(0)up0749.jpg,0,201,45,317,188,1,2
(1)up0749.jpg,1,363,45,395,85,0,2
(0)up2247.jpg,0,206,42,275,140,1,2
(1)up2247.jpg,1,128,83,197,187,1,2
(2)up2247.jpg,2,296,95,365,182,1,2
(0)000000113575.jpg,0,372,138,410,187,0,2
(1)000000113575.jpg,1,134,0,199,97,1,2
(0)up1101.jpg,0,290,166,326,211,1,2
(1)up1101.jpg,1,348,125,382,172,1,2
(2)up1101.jpg,2,236,158,269,203,1,2
(3)up1101.jpg,3,160,116,201,172,1,2
(0)up4542.jpg,0,466,126,498,165,0,2
(1)up4542.jpg,1,72,197,141,271,1,2
(2)up4542.jpg,2,8,125,31,154,0,2
(3)up4542.jpg,3,393,128,418,160,0,2
(4)up4542.jpg,4,204,126,227,154,0,2
(0)up0841.jpg,0,240,84,266,112,1,2
(1)up0841.jpg,1,319,89,342,118,1,2
(2)up0841.jpg,2,158,93,180,124,1,2
(0)up2136.jpg,0,103,81,136,123,1,2
(1)up2136.jpg,1,389,79,422,117,1,2
(2)up2136.jpg,2,247,83,282,128,1,2
(0)000000014075.jpg,0,167,93,188,120,1,2
(1)000000014075.jpg,1,214,104,236,133,1,2
(2)000000014075.jpg,2,297,108,323,142,1,2
(3)000000014075.jpg,3,412,111,438,143,1,2
(4)000000014075.jpg,4,511,122,543,165,1,2
(0)000000064020.jpg,0,396,188,418,216,1,2
(1)000000064020.jpg,1,291,179,316,208,1,2
(2)000000064020.jpg,2,207,169,232,196,1,2
(3)000000064020.jpg,3,98,174,122,203,1,2
(0)000000010133.jpg,0,275,239,327,316,1,2
(1)000000010133.jpg,1,71,190,91,219,0,2
(2)000000010133.jpg,2,350,193,385,238,0,2
(0)up4743.jpg,0,141,253,170,299,0,2
(1)up4743.jpg,1,36,230,76,274,0,2
(2)up4743.jpg,2,215,75,349,252,1,2
(3)up4743.jpg,3,422,260,438,279,0,2
(4)up4743.jpg,4,168,242,206,307,0,2
(0)000000014920.jpg,0,533,137,592,220,1,2
(1)000000014920.jpg,1,357,163,408,235,1,2
(2)000000014920.jpg,2,19,221,94,317,1,2
(3)000000014920.jpg,3,184,189,240,270,1,2
(0)000000080418.jpg,0,78,210,91,225,0,2
(1)000000080418.jpg,1,361,204,404,271,1,2
(0)up0404.jpg,0,462,189,525,262,1,2
(1)up0404.jpg,1,326,221,377,284,1,2
(2)up0404.jpg,2,332,73,391,157,1,2
(3)up0404.jpg,3,227,168,286,246,1,2
(4)up0404.jpg,4,112,171,170,253,1,2
(0)000000025830.jpg,0,312,100,348,151,0,2
(1)000000025830.jpg,1,353,20,455,163,1,2
(2)000000025830.jpg,2,505,82,558,162,0,2
(3)000000025830.jpg,3,94,197,113,225,0,2
(0)000000062988.jpg,0,45,131,65,154,0,2
(1)000000062988.jpg,1,214,113,268,183,1,2
(2)000000062988.jpg,2,584,144,600,163,0,2
(3)000000062988.jpg,3,463,129,512,184,1,2
(4)000000062988.jpg,4,424,163,440,183,0,2
(5)000000062988.jpg,5,403,141,415,153,0,2
(0)000000023037.jpg,0,194,171,305,325,1,2
(1)000000023037.jpg,1,103,281,214,418,1,2
(2)000000023037.jpg,2,370,231,388,251,0,2
(0)up0915.jpg,0,166,59,264,199,1,2
(1)up0915.jpg,1,69,166,125,266,0,2
(0)000000047484.jpg,0,513,140,539,169,1,2
(1)000000047484.jpg,1,567,167,587,197,0,2
(2)000000047484.jpg,2,102,64,134,95,1,2
(0)up1998.jpg,0,348,48,415,136,0,2
(1)up1998.jpg,1,185,166,287,305,1,2
(2)up1998.jpg,2,97,178,153,243,0,2
(0)up0261.jpg,0,188,22,227,66,0,2
(1)up0261.jpg,1,231,2,259,42,0,2
(2)up0261.jpg,2,225,51,317,170,1,2
(0)000000026419.jpg,0,470,103,500,169,0,2
(1)000000026419.jpg,1,359,99,412,173,1,2
(2)000000026419.jpg,2,303,90,344,145,1,2
(3)000000026419.jpg,3,239,138,256,162,0,2
(0)up0853.jpg,0,334,113,350,135,0,2
(1)up0853.jpg,1,205,97,260,151,1,2
(0)up2682.jpg,0,111,48,141,94,1,2
(1)up2682.jpg,1,361,80,394,127,1,2
(2)up2682.jpg,2,241,82,269,123,1,2
(0)up0561.jpg,0,239,200,293,254,1,2
(1)up0561.jpg,1,418,175,540,317,1,2
(2)up0561.jpg,2,130,210,207,302,1,2
(3)up0561.jpg,3,308,198,383,286,1,2
(4)up0561.jpg,4,207,96,258,163,1,2
(5)up0561.jpg,5,426,107,443,131,0,0
(0)up1310.jpg,0,277,44,346,139,0,2
(1)up1310.jpg,1,47,50,147,186,1,2
(0)up4426.jpg,0,226,51,271,117,0,2
(1)up4426.jpg,1,34,74,77,138,0,2
(2)up4426.jpg,2,133,78,217,167,1,1
(0)up2509.jpg,0,391,42,426,84,1,2
(1)up2509.jpg,1,112,63,143,98,1,2
(2)up2509.jpg,2,246,104,274,143,1,2
(0)000000018528.jpg,0,46,99,72,126,0,2
(1)000000018528.jpg,1,71,166,210,344,1,2
(2)000000018528.jpg,2,227,22,252,65,0,2
(3)000000018528.jpg,3,4,82,22,115,0,2
(0)000000013981.jpg,0,325,49,355,87,1,2
(1)000000013981.jpg,1,168,161,184,180,0,2
(2)000000013981.jpg,2,21,173,41,201,0,2
(0)000000018132.jpg,0,156,73,176,100,0,2
(1)000000018132.jpg,1,30,73,55,106,0,2
(2)000000018132.jpg,2,8,85,26,104,0,2
(3)000000018132.jpg,3,237,201,280,257,1,2
(0)up0725.jpg,0,315,12,379,96,1,2
(1)up0725.jpg,1,386,257,449,347,0,2
(0)up3103.jpg,0,171,87,232,175,1,2
(1)up3103.jpg,1,82,170,116,218,0,2
(0)up1979.jpg,0,230,32,273,94,1,2
(1)up1979.jpg,1,107,19,149,76,1,2
(2)up1979.jpg,2,292,49,338,105,1,2
(3)up1979.jpg,3,405,58,441,108,1,2
(0)000000050042.jpg,0,376,111,404,148,1,2
(1)000000050042.jpg,1,9,28,36,59,0,2
(0)000000041917.jpg,0,131,92,239,253,1,2
(1)000000041917.jpg,1,263,36,326,113,0,2
(2)000000041917.jpg,2,342,91,420,201,1,2
(0)up2346.jpg,0,205,31,255,92,1,2
(1)up2346.jpg,1,351,34,401,95,1,2
(2)up2346.jpg,2,139,48,192,116,1,2
(3)up2346.jpg,3,279,49,325,111,1,2
(0)up1810.jpg,0,284,231,319,277,0,2
(1)up1810.jpg,1,150,72,192,126,1,2
(0)up3050.jpg,0,63,52,88,85,1,2
(1)up3050.jpg,1,353,18,380,55,1,2
(2)up3050.jpg,2,385,268,401,289,0,2
(0)up0449.jpg,0,33,122,63,159,0,2
(1)up0449.jpg,1,162,112,195,149,1,2
(2)up0449.jpg,2,213,139,249,183,1,2
(3)up0449.jpg,3,320,74,364,136,1,2
(0)up0847.jpg,0,364,81,416,159,1,2
(1)up0847.jpg,1,98,56,148,145,1,2
(2)up0847.jpg,2,185,48,226,108,1,2
(0)000000059212.jpg,0,277,263,294,283,0,2
(1)000000059212.jpg,1,187,119,230,178,1,2
(0)000000055203.jpg,0,191,32,206,51,0,2
(1)000000055203.jpg,1,403,86,434,117,1,2
(2)000000055203.jpg,2,236,33,248,54,0,2
(3)000000055203.jpg,3,476,33,488,53,0,2
(4)000000055203.jpg,4,118,146,146,188,1,2
(5)000000055203.jpg,5,12,155,29,189,0,2
(0)000000015845.jpg,0,80,336,109,373,0,2
(1)000000015845.jpg,1,163,146,201,190,1,2
(0)up1522.jpg,0,265,83,288,115,1,2
(1)up1522.jpg,1,324,88,345,114,1,2
(2)up1522.jpg,2,138,97,159,126,1,2
(3)up1522.jpg,3,203,86,224,115,1,2
(0)000000087764.jpg,0,51,184,138,283,1,2
(1)000000087764.jpg,1,332,232,365,271,0,2
(2)000000087764.jpg,2,210,197,259,257,0,2
(0)000000075862.jpg,0,273,123,322,190,1,2
(1)000000075862.jpg,1,110,137,157,201,1,2
(2)000000075862.jpg,2,376,146,421,212,1,2
(3)000000075862.jpg,3,185,157,231,214,1,2
(0)000000015929.jpg,0,29,73,44,89,0,2
(1)000000015929.jpg,1,140,61,159,86,0,2
(2)000000015929.jpg,2,206,68,257,118,1,2
(0)000000096383.jpg,0,293,265,309,284,1,2
(1)000000096383.jpg,1,283,299,310,329,1,2
(2)000000096383.jpg,2,342,297,371,340,1,2
(3)000000096383.jpg,3,89,342,116,389,1,2
(4)000000096383.jpg,4,114,290,139,320,1,2
(5)000000096383.jpg,5,161,282,184,312,1,2
(6)000000096383.jpg,6,91,319,117,357,1,2
(0)000000048146.jpg,0,539,67,555,93,0,2
(1)000000048146.jpg,1,388,62,423,106,1,2
(2)000000048146.jpg,2,3,154,24,172,0,2
(0)000000064938.jpg,0,474,126,495,153,0,2
(1)000000064938.jpg,1,231,25,372,217,1,2
(2)000000064938.jpg,2,62,135,112,204,0,2
(0)up2898.jpg,0,277,98,301,126,1,2
(1)up2898.jpg,1,254,117,275,139,1,2
(2)up2898.jpg,2,159,76,179,101,1,2
(3)up2898.jpg,3,187,42,212,73,1,2
(0)000000036800.jpg,0,345,174,369,204,1,2
(1)000000036800.jpg,1,584,171,610,202,1,2
(2)000000036800.jpg,2,451,176,473,204,1,2
(3)000000036800.jpg,3,204,177,232,214,1,2
(4)000000036800.jpg,4,252,192,275,223,1,2
(5)000000036800.jpg,5,57,226,96,274,1,2
(0)000000037906.jpg,0,599,145,612,161,0,2
(1)000000037906.jpg,1,300,240,321,261,1,1
(0)000000083042.jpg,0,225,252,241,272,0,2
(1)000000083042.jpg,1,269,243,283,259,0,2
(2)000000083042.jpg,2,610,260,633,286,0,2
(3)000000083042.jpg,3,565,261,588,293,0,2
(4)000000083042.jpg,4,323,237,336,255,0,2
(5)000000083042.jpg,5,398,218,431,263,1,2
(6)000000083042.jpg,6,532,250,550,275,0,2
(7)000000083042.jpg,7,30,264,44,284,0,2
(8)000000083042.jpg,8,110,277,134,306,0,2
(9)000000083042.jpg,9,144,266,162,291,0,2
(10)000000083042.jpg,10,199,242,212,260,0,2
(11)000000083042.jpg,11,18,357,52,402,0,2
(12)000000083042.jpg,12,103,258,123,280,0,2
(0)up0383.jpg,0,205,153,258,223,1,2
(1)up0383.jpg,1,120,360,154,404,0,2
(0)up0183.jpg,0,378,70,523,217,1,2
(1)up0183.jpg,1,333,324,431,439,0,1
(0)000000023533.jpg,0,77,153,90,171,0,2
(0)000000008359.jpg,0,326,374,336,387,1,2
(1)000000008359.jpg,1,212,404,223,417,1,2
(2)000000008359.jpg,2,358,372,369,384,1,2
(3)000000008359.jpg,3,280,372,290,385,1,2
(4)000000008359.jpg,4,60,373,71,386,1,2
(5)000000008359.jpg,5,13,407,24,420,1,2
(6)000000008359.jpg,6,191,367,202,380,1,2
(7)000000008359.jpg,7,163,398,175,412,1,2
(8)000000008359.jpg,8,143,373,154,385,1,2
(9)000000008359.jpg,9,355,405,366,417,1,2
(10)000000008359.jpg,10,393,412,404,427,1,2
(11)000000008359.jpg,11,104,374,114,386,1,1
(12)000000008359.jpg,12,64,403,75,414,1,1
(13)000000008359.jpg,13,117,401,127,413,1,1
(14)000000008359.jpg,14,235,373,244,383,1,1
(15)000000008359.jpg,15,258,399,270,413,1,1
(16)000000008359.jpg,16,310,402,324,414,1,1
(0)000000001643.jpg,0,395,18,410,38,0,2
(1)000000001643.jpg,1,196,51,224,88,0,2
(2)000000001643.jpg,2,125,58,152,90,0,2
(3)000000001643.jpg,3,494,78,515,111,0,2
(4)000000001643.jpg,4,114,91,139,125,0,2
(5)000000001643.jpg,5,576,100,603,129,0,2
(6)000000001643.jpg,6,582,151,599,179,0,2
(7)000000001643.jpg,7,602,90,625,119,0,2
(8)000000001643.jpg,8,453,14,469,32,0,2
(9)000000001643.jpg,9,85,153,109,187,0,2
(10)000000001643.jpg,10,292,94,319,126,0,2
(11)000000001643.jpg,11,520,96,539,122,0,2
(12)000000001643.jpg,12,22,14,44,40,0,2
(13)000000001643.jpg,13,393,89,437,132,1,2
(14)000000001643.jpg,14,562,74,575,91,0,2
(15)000000001643.jpg,15,546,81,561,101,0,2
(16)000000001643.jpg,16,129,1,144,18,0,2
(17)000000001643.jpg,17,224,70,248,106,0,2
(0)000000001076.jpg,0,26,141,42,160,0,2
(1)000000001076.jpg,1,397,75,409,88,0,2
(2)000000001076.jpg,2,359,98,375,121,1,2
(3)000000001076.jpg,3,224,98,241,117,1,2
(4)000000001076.jpg,4,295,126,309,142,1,2
(5)000000001076.jpg,5,142,119,157,139,1,2
(6)000000001076.jpg,6,30,92,40,106,0,2
(0)up0374.jpg,0,352,86,380,121,0,2
(1)up0374.jpg,1,434,169,527,280,1,2
(2)up0374.jpg,2,173,93,270,221,1,2
(0)up1903.jpg,0,372,402,387,422,0,2
(1)up1903.jpg,1,216,17,262,84,1,2
(2)up1903.jpg,2,448,383,467,406,0,2
(0)000000028997.jpg,0,276,76,340,148,1,2
(1)000000028997.jpg,1,7,95,42,139,0,2
(2)000000028997.jpg,2,252,69,282,103,0,2
(3)000000028997.jpg,3,93,104,109,124,0,2
(4)000000028997.jpg,4,607,77,639,164,0,2
(0)000000001551.jpg,0,150,78,183,118,1,2
(1)000000001551.jpg,1,571,41,596,76,0,2
(2)000000001551.jpg,2,230,38,258,75,1,2
(3)000000001551.jpg,3,304,47,337,94,1,2
(4)000000001551.jpg,4,437,37,474,75,1,2
(0)000000008808.jpg,0,256,152,304,208,1,2
(1)000000008808.jpg,1,483,198,503,214,0,1
(0)up4807.jpg,0,75,149,192,303,1,2
(1)up4807.jpg,1,207,154,295,270,0,2
(2)up4807.jpg,2,7,4,73,62,0,2
(3)up4807.jpg,3,165,0,230,40,0,2
(0)000000114036.jpg,0,449,166,485,205,1,2
(1)000000114036.jpg,1,496,165,542,221,1,2
(2)000000114036.jpg,2,400,122,429,167,1,2
(3)000000114036.jpg,3,236,157,264,192,1,2
(4)000000114036.jpg,4,181,223,231,289,1,2
(5)000000114036.jpg,5,138,69,174,119,1,2
(0)000000036249.jpg,0,357,236,393,283,0,2
(1)000000036249.jpg,1,161,84,283,237,1,2
(0)000000054498.jpg,0,505,22,529,50,0,2
(1)000000054498.jpg,1,214,28,246,63,0,2
(2)000000054498.jpg,2,555,5,572,34,0,2
(3)000000054498.jpg,3,245,36,290,96,1,2
(4)000000054498.jpg,4,47,50,59,66,0,2
(5)000000054498.jpg,5,456,12,472,42,0,2
(6)000000054498.jpg,6,591,0,608,24,0,2
(7)000000054498.jpg,7,67,50,79,65,0,2
(8)000000054498.jpg,8,146,41,159,59,0,2
(9)000000054498.jpg,9,165,19,177,35,0,2
(10)000000054498.jpg,10,427,52,442,70,0,2
(0)up4714.jpg,0,448,126,475,161,0,2
(1)up4714.jpg,1,214,51,262,121,1,2
(2)up4714.jpg,2,390,162,414,185,0,2
(0)up0478.jpg,0,168,159,233,245,1,2
(1)up0478.jpg,1,351,79,378,114,0,2
(2)up0478.jpg,2,264,102,333,191,1,2
(0)up2891.jpg,0,367,95,438,185,1,2
(1)up2891.jpg,1,201,84,237,137,0,2
(0)up2956.jpg,0,54,269,66,284,0,2
(1)up2956.jpg,1,27,272,40,293,0,2
(2)up2956.jpg,2,139,172,166,211,1,2
(3)up2956.jpg,3,12,267,24,283,0,2
(0)000000074264.jpg,0,165,89,210,151,1,2
(1)000000074264.jpg,1,51,147,73,175,0,2
(2)000000074264.jpg,2,357,78,392,123,1,2
(3)000000074264.jpg,3,370,38,415,114,0,0
(0)000000004001.jpg,0,96,139,115,164,0,2
(1)000000004001.jpg,1,211,48,245,96,1,2
(2)000000004001.jpg,2,430,126,450,149,0,2
(3)000000004001.jpg,3,377,88,405,127,1,2
(4)000000004001.jpg,4,309,149,325,167,0,2
(5)000000004001.jpg,5,512,160,531,186,0,2
(6)000000004001.jpg,6,602,116,622,145,0,2
(7)000000004001.jpg,7,554,153,571,175,0,2
(8)000000004001.jpg,8,481,151,497,175,0,2
(9)000000004001.jpg,9,522,148,539,166,0,2
(0)000000008501.jpg,0,66,172,96,214,0,2
(1)000000008501.jpg,1,478,56,522,116,1,2
(0)000000068010.jpg,0,200,277,220,306,0,2
(1)000000068010.jpg,1,475,127,516,171,1,2
(2)000000068010.jpg,2,302,137,338,185,1,2
(3)000000068010.jpg,3,70,68,127,150,1,2
(4)000000068010.jpg,4,109,271,135,297,0,2
(0)000000108798.jpg,0,538,164,600,238,1,2
(1)000000108798.jpg,1,103,83,155,164,1,2
(2)000000108798.jpg,2,242,110,289,166,1,2
(3)000000108798.jpg,3,389,170,441,235,1,2
(4)000000108798.jpg,4,151,130,200,197,1,2
(0)000000049538.jpg,0,375,124,413,171,1,2
(1)000000049538.jpg,1,109,34,142,88,1,2
(2)000000049538.jpg,2,224,97,264,139,1,2
(3)000000049538.jpg,3,285,106,325,155,1,2
(4)000000049538.jpg,4,283,55,301,81,0,2
(0)000000071146.jpg,0,290,359,319,390,1,2
(1)000000071146.jpg,1,133,209,145,225,0,2
(2)000000071146.jpg,2,328,204,338,216,0,1
(0)up2144.jpg,0,324,91,372,158,1,2
(1)up2144.jpg,1,95,69,142,130,1,2
(2)up2144.jpg,2,461,78,493,121,0,2
(3)up2144.jpg,3,261,98,300,147,1,2
(4)up2144.jpg,4,170,87,211,144,1,2
(0)000000114050.jpg,0,318,54,347,80,1,2
(1)000000114050.jpg,1,448,4,470,28,0,2
(2)000000114050.jpg,2,172,92,186,115,0,2
(3)000000114050.jpg,3,199,75,212,92,0,2
(0)000000053948.jpg,0,298,58,323,87,1,2
(1)000000053948.jpg,1,551,81,578,116,1,2
(2)000000053948.jpg,2,242,95,261,118,1,2
(3)000000053948.jpg,3,78,309,90,326,0,2
(4)000000053948.jpg,4,40,221,56,241,0,1
(0)000000062635.jpg,0,371,303,462,414,1,2
(1)000000062635.jpg,1,53,331,89,378,0,2
(0)000000073036.jpg,0,460,124,473,143,0,2
(1)000000073036.jpg,1,526,121,543,145,0,2
(2)000000073036.jpg,2,142,131,153,146,0,2
(3)000000073036.jpg,3,507,196,526,222,0,2
(4)000000073036.jpg,4,307,104,340,155,1,2
(5)000000073036.jpg,5,562,109,574,128,0,2
(0)000000083486.jpg,0,172,231,187,251,0,2
(1)000000083486.jpg,1,335,266,360,289,0,2
(2)000000083486.jpg,2,235,225,252,247,0,2
(3)000000083486.jpg,3,415,253,466,322,1,2
(4)000000083486.jpg,4,26,237,64,286,0,2
(5)000000083486.jpg,5,120,265,163,327,1,2
(0)up4074.jpg,0,390,123,412,151,0,2
(1)up4074.jpg,1,207,54,286,152,1,2
(0)up1571.jpg,0,165,76,197,110,1,2
(1)up1571.jpg,1,46,120,65,142,0,2
(2)up1571.jpg,2,264,132,291,159,0,1
(0)up3102.jpg,0,186,108,296,272,1,2
(1)up3102.jpg,1,75,99,139,191,0,2
(0)000000053333.jpg,0,470,88,497,118,1,2
(1)000000053333.jpg,1,219,138,245,160,0,1
(2)000000053333.jpg,2,54,176,67,189,0,1
(0)up2488.jpg,0,92,137,215,304,1,2
(1)up2488.jpg,1,200,106,315,260,1,2
(2)up2488.jpg,2,310,55,430,200,1,2
(0)000000002427.jpg,0,550,65,572,94,0,2
(1)000000002427.jpg,1,497,83,513,100,0,2
(2)000000002427.jpg,2,275,95,300,125,1,2
(0)000000007680.jpg,0,153,208,246,341,1,2
(1)000000007680.jpg,1,353,191,401,263,0,2
(0)000000066454.jpg,0,290,43,306,64,0,2
(1)000000066454.jpg,1,219,49,234,71,0,2
(2)000000066454.jpg,2,588,71,604,92,0,2
(3)000000066454.jpg,3,164,46,187,74,0,2
(4)000000066454.jpg,4,377,53,394,75,0,2
(5)000000066454.jpg,5,498,66,522,95,0,2
(6)000000066454.jpg,6,448,64,467,89,0,2
(7)000000066454.jpg,7,302,100,340,149,1,2
(8)000000066454.jpg,8,66,179,136,276,1,2
(9)000000066454.jpg,9,355,44,367,59,0,2
(10)000000066454.jpg,10,407,92,438,133,1,2
(11)000000066454.jpg,11,580,104,613,146,1,2
(12)000000066454.jpg,12,203,137,253,194,1,2
(13)000000066454.jpg,13,575,58,586,74,0,2
(14)000000066454.jpg,14,472,54,483,70,0,2
(15)000000066454.jpg,15,210,28,222,41,0,2
(16)000000066454.jpg,16,630,81,640,99,0,2
(17)000000066454.jpg,17,34,18,47,33,0,2
(18)000000066454.jpg,18,521,53,531,65,0,2
(0)000000088420.jpg,0,186,153,198,170,0,2
(1)000000088420.jpg,1,384,157,395,171,0,2
(2)000000088420.jpg,2,509,120,532,150,1,2
(3)000000088420.jpg,3,286,151,297,164,0,2
(4)000000088420.jpg,4,450,146,463,162,0,2
(5)000000088420.jpg,5,594,154,608,170,0,2
(6)000000088420.jpg,6,245,157,255,171,0,2
(0)up0334.jpg,0,11,173,40,220,0,2
(1)up0334.jpg,1,233,175,277,234,0,2
(2)up0334.jpg,2,137,150,226,275,1,2
(0)up2942.jpg,0,152,130,202,211,1,2
(1)up2942.jpg,1,13,398,104,500,0,2
(0)up2367.jpg,0,117,50,253,204,1,2
(1)up2367.jpg,1,13,64,55,121,0,2
(0)up4718.jpg,0,56,121,84,159,0,2
(1)up4718.jpg,1,307,231,368,304,1,2
(2)up4718.jpg,2,597,139,629,179,0,2
(3)up4718.jpg,3,338,65,411,168,1,2
(4)up4718.jpg,4,24,312,79,386,1,2
(0)up0956.jpg,0,239,321,265,351,0,2
(1)up0956.jpg,1,144,81,195,151,1,2
(0)000000023344.jpg,0,61,71,74,89,0,2
(1)000000023344.jpg,1,303,64,318,85,0,2
(2)000000023344.jpg,2,38,112,53,130,0,2
(3)000000023344.jpg,3,96,115,110,132,0,2
(4)000000023344.jpg,4,122,61,139,83,0,2
(5)000000023344.jpg,5,248,105,266,122,0,2
(6)000000023344.jpg,6,296,111,312,131,0,2
(7)000000023344.jpg,7,394,108,410,131,0,2
(8)000000023344.jpg,8,226,37,266,102,1,2
(9)000000023344.jpg,9,1,66,11,86,0,2
(10)000000023344.jpg,10,5,34,16,49,0,2
(0)up1493.jpg,0,173,18,224,79,1,2
(1)up1493.jpg,1,83,265,118,308,0,2
(2)up1493.jpg,2,138,136,216,226,1,2
(0)000000010922.jpg,0,242,301,260,321,0,2
(1)000000010922.jpg,1,324,314,342,341,0,2
(2)000000010922.jpg,2,292,315,313,343,0,2
(3)000000010922.jpg,3,93,302,135,354,1,2
(4)000000010922.jpg,4,295,347,327,380,1,2
(5)000000010922.jpg,5,451,300,464,315,0,2
(6)000000010922.jpg,6,466,301,479,317,0,2
(0)000000078545.jpg,0,461,91,474,106,0,2
(1)000000078545.jpg,1,438,97,454,116,0,2
(2)000000078545.jpg,2,455,107,472,127,0,2
(3)000000078545.jpg,3,34,136,51,156,0,2
(4)000000078545.jpg,4,390,138,419,173,1,2
(5)000000078545.jpg,5,472,81,489,97,0,2
(6)000000078545.jpg,6,427,111,440,129,0,2
(7)000000078545.jpg,7,368,148,386,169,0,2
(0)up3282.jpg,0,379,247,414,288,0,2
(1)up3282.jpg,1,222,117,329,267,1,2
(2)up3282.jpg,2,441,223,500,315,0,2
(0)000000033453.jpg,0,251,217,283,258,1,2
(1)000000033453.jpg,1,583,187,606,224,1,2
(2)000000033453.jpg,2,373,205,384,218,0,1
(0)000000047245.jpg,0,172,145,187,163,0,2
(1)000000047245.jpg,1,365,77,395,119,1,2
(2)000000047245.jpg,2,119,150,132,166,0,2
(3)000000047245.jpg,3,616,130,635,156,0,2
(4)000000047245.jpg,4,441,158,453,173,0,2
(5)000000047245.jpg,5,529,140,547,163,0,2
(6)000000047245.jpg,6,478,164,491,178,0,2
(7)000000047245.jpg,7,94,148,110,167,0,2
(8)000000047245.jpg,8,190,143,206,166,0,2
(0)up3891.jpg,0,71,36,92,64,0,2
(1)up3891.jpg,1,250,50,281,86,1,2
(2)up3891.jpg,2,125,16,141,35,0,2
(0)000000059508.jpg,0,112,46,131,70,0,2
(1)000000059508.jpg,1,75,61,91,81,0,2
(2)000000059508.jpg,2,177,59,207,97,1,2
(3)000000059508.jpg,3,227,40,244,62,0,2
(0)000000061370.jpg,0,172,39,203,79,1,2
(1)000000061370.jpg,1,305,48,339,86,1,2
(2)000000061370.jpg,2,261,5,272,19,0,2
(0)000000055892.jpg,0,552,166,569,189,0,2
(1)000000055892.jpg,1,338,194,369,219,1,2
(2)000000055892.jpg,2,611,48,630,74,0,2
(0)000000043890.jpg,0,292,16,309,44,0,2
(1)000000043890.jpg,1,392,16,417,46,0,2
(2)000000043890.jpg,2,460,27,482,54,0,2
(3)000000043890.jpg,3,256,31,275,60,0,2
(4)000000043890.jpg,4,597,32,616,61,0,2
(5)000000043890.jpg,5,304,54,330,92,0,2
(6)000000043890.jpg,6,576,70,593,95,0,2
(7)000000043890.jpg,7,618,81,638,107,0,2
(8)000000043890.jpg,8,348,25,373,51,0,2
(9)000000043890.jpg,9,57,37,84,68,0,2
(10)000000043890.jpg,10,489,52,510,80,0,2
(11)000000043890.jpg,11,332,50,367,95,1,2
(12)000000043890.jpg,12,179,48,202,76,0,2
(13)000000043890.jpg,13,104,38,131,70,0,2
(14)000000043890.jpg,14,325,9,341,40,0,2
(15)000000043890.jpg,15,29,2,44,18,0,2
(16)000000043890.jpg,16,436,18,453,43,0,2
(17)000000043890.jpg,17,35,23,55,48,0,2
(18)000000043890.jpg,18,565,41,578,60,0,2
(0)up2826.jpg,0,146,103,205,183,1,2
(1)up2826.jpg,1,246,106,291,172,0,2
(2)up2826.jpg,2,108,90,146,149,0,2
(0)000000065597.jpg,0,177,86,261,209,1,2
(1)000000065597.jpg,1,320,75,393,183,1,2
(2)000000065597.jpg,2,471,36,551,155,1,2
(0)up0304.jpg,0,237,64,338,186,1,2
(1)up0304.jpg,1,449,55,501,115,0,2
(0)000000104744.jpg,0,66,226,82,247,0,2
(1)000000104744.jpg,1,217,35,254,80,1,2
(2)000000104744.jpg,2,144,199,160,219,0,2
(0)up0130.jpg,0,212,108,229,129,0,2
(1)up0130.jpg,1,389,97,411,126,0,2
(2)up0130.jpg,2,282,66,314,111,1,2
(0)up3030.jpg,0,122,25,144,56,1,2
(1)up3030.jpg,1,374,67,396,95,1,2
(2)up3030.jpg,2,428,84,446,112,1,2
(0)up0368.jpg,0,463,231,550,339,0,2
(1)up0368.jpg,1,152,124,295,313,1,2
(0)000000046559.jpg,0,510,169,590,245,1,2
(1)000000046559.jpg,1,420,171,427,180,0,1
(0)up3144.jpg,0,422,112,443,137,1,2
(1)up3144.jpg,1,319,111,344,143,0,2
(2)up3144.jpg,2,48,145,88,219,1,2
(0)up3951.jpg,0,265,191,306,235,1,2
(1)up3951.jpg,1,393,39,419,75,0,2
(0)up0417.jpg,0,314,231,366,308,1,2
(1)up0417.jpg,1,39,433,95,504,1,2
(2)up0417.jpg,2,119,364,147,404,0,2
(0)up0978.jpg,0,186,85,246,147,1,2
(1)up0978.jpg,1,412,50,466,128,0,2
(0)000000066229.jpg,0,213,151,237,177,1,2
(1)000000066229.jpg,1,421,174,432,188,0,2
(2)000000066229.jpg,2,484,162,495,174,0,1
(0)000000008326.jpg,0,420,179,473,247,1,2
(1)000000008326.jpg,1,191,196,242,258,1,2
(2)000000008326.jpg,2,280,247,323,301,0,2
(3)000000008326.jpg,3,87,259,135,323,0,2
(0)000000034598.jpg,0,338,166,355,186,1,2
(1)000000034598.jpg,1,493,188,506,204,0,2
(0)up0158.jpg,0,95,228,131,279,0,2
(1)up0158.jpg,1,203,96,308,246,1,2
(2)up0158.jpg,2,124,244,148,282,0,2
(0)up4822.jpg,0,196,100,208,116,0,2
(1)up4822.jpg,1,326,64,380,131,1,2
(0)000000035203.jpg,0,277,166,323,237,0,2
(1)000000035203.jpg,1,98,232,182,350,1,2
(2)000000035203.jpg,2,403,208,427,265,0,2
(0)up1868.jpg,0,148,67,198,123,1,2
(1)up1868.jpg,1,337,250,369,294,0,2
(0)up3187.jpg,0,67,329,109,394,0,2
(1)up3187.jpg,1,223,67,301,170,1,2
(0)000000111934.jpg,0,215,85,225,99,0,2
(1)000000111934.jpg,1,325,136,350,166,1,2
(2)000000111934.jpg,2,55,170,66,185,0,2
(3)000000111934.jpg,3,533,101,543,114,0,2
(0)up3582.jpg,0,43,108,92,165,0,2
(1)up3582.jpg,1,257,67,317,150,1,2
(0)up1230.jpg,0,393,107,447,179,1,2
(1)up1230.jpg,1,80,90,110,138,0,2
(2)up1230.jpg,2,485,166,500,195,0,2
(3)up1230.jpg,3,378,159,399,188,0,2
(0)000000009098.jpg,0,433,118,452,141,1,2
(1)000000009098.jpg,1,202,103,223,129,1,2
(2)000000009098.jpg,2,524,42,537,57,0,2
(3)000000009098.jpg,3,113,46,127,62,0,1
(0)000000080046.jpg,0,259,130,281,162,1,2
(1)000000080046.jpg,1,566,136,589,165,1,2
(2)000000080046.jpg,2,112,127,138,161,1,2
(3)000000080046.jpg,3,407,137,429,171,1,2
(0)000000018463.jpg,0,360,80,423,155,1,2
(1)000000018463.jpg,1,257,123,326,214,1,2
(2)000000018463.jpg,2,90,165,139,222,0,2
(0)up0520.jpg,0,62,240,89,275,0,2
(1)up0520.jpg,1,219,7,247,44,1,2
(0)up0432.jpg,0,18,179,34,198,0,2
(1)up0432.jpg,1,116,98,221,229,1,2
(2)up0432.jpg,2,261,162,285,193,0,2
(0)up0035.jpg,0,137,99,247,213,1,2
(1)up0035.jpg,1,325,602,393,696,0,2
(0)up1256.jpg,0,312,75,333,105,0,2
(1)up1256.jpg,1,100,35,138,85,1,2
(0)up0799.jpg,0,121,44,150,79,1,2
(1)up0799.jpg,1,186,58,214,81,1,2
(0)up4356.jpg,0,147,95,220,202,1,2
(1)up4356.jpg,1,8,129,46,177,0,2
(0)000000019347.jpg,0,37,265,62,297,0,2
(1)000000019347.jpg,1,174,99,233,192,1,2
(0)000000035499.jpg,0,157,309,169,322,0,2
(1)000000035499.jpg,1,477,290,484,298,0,1
(0)000000039166.jpg,0,122,49,143,74,0,2
(1)000000039166.jpg,1,140,146,168,184,1,2
(2)000000039166.jpg,2,47,40,69,70,0,2
(0)000000036646.jpg,0,546,81,560,99,0,2
(1)000000036646.jpg,1,85,99,101,113,0,2
(2)000000036646.jpg,2,247,81,259,96,0,2
(3)000000036646.jpg,3,584,92,595,107,0,2
(4)000000036646.jpg,4,507,92,519,108,0,2
(5)000000036646.jpg,5,132,96,146,113,0,2
(6)000000036646.jpg,6,31,90,50,109,0,2
(7)000000036646.jpg,7,183,116,233,168,1,2
(8)000000036646.jpg,8,412,86,423,100,0,2
(9)000000036646.jpg,9,273,77,285,92,0,2
(10)000000036646.jpg,10,95,86,107,102,0,2
(11)000000036646.jpg,11,222,73,234,90,0,2
(12)000000036646.jpg,12,314,111,363,144,1,1
(0)000000011321.jpg,0,231,98,279,157,1,2
(1)000000011321.jpg,1,38,175,76,216,0,2
(2)000000011321.jpg,2,378,56,420,101,0,2
(0)000000012089.jpg,0,518,36,590,138,1,2
(1)000000012089.jpg,1,246,32,302,112,1,2
(2)000000012089.jpg,2,427,89,437,105,0,1
(0)000000101153.jpg,0,279,79,323,138,1,2
(1)000000101153.jpg,1,408,92,434,130,0,2
(2)000000101153.jpg,2,442,104,465,135,0,2
(0)000000064549.jpg,0,203,164,249,218,1,2
(1)000000064549.jpg,1,243,146,298,212,1,2
(2)000000064549.jpg,2,70,176,116,228,1,2
(3)000000064549.jpg,3,8,170,40,215,0,2
(0)up1095.jpg,0,121,103,164,161,1,2
(1)up1095.jpg,1,217,97,262,157,1,2
(2)up1095.jpg,2,415,73,458,129,1,2
(3)up1095.jpg,3,31,99,72,151,1,2
(4)up1095.jpg,4,321,90,364,144,1,2
(0)000000056998.jpg,0,173,101,235,187,1,2
(1)000000056998.jpg,1,220,43,241,76,0,2
(0)up1179.jpg,0,64,200,81,221,0,2
(1)up1179.jpg,1,375,61,398,91,1,2
(0)000000009502.jpg,0,263,274,277,291,0,2
(1)000000009502.jpg,1,202,301,224,325,1,2
(2)000000009502.jpg,2,159,310,183,339,1,2
(3)000000009502.jpg,3,241,291,253,306,0,2
(4)000000009502.jpg,4,166,285,179,298,0,2
(0)000000051870.jpg,0,355,24,374,49,0,2
(1)000000051870.jpg,1,320,50,353,90,1,2
(0)000000071473.jpg,0,94,24,111,43,0,2
(1)000000071473.jpg,1,147,29,165,52,1,2
(2)000000071473.jpg,2,359,63,381,95,1,2
(3)000000071473.jpg,3,466,68,486,93,1,2
(4)000000071473.jpg,4,308,44,327,68,1,2
(5)000000071473.jpg,5,58,80,83,109,1,2
(6)000000071473.jpg,6,436,86,458,120,1,2
(7)000000071473.jpg,7,451,186,495,248,1,2
(8)000000071473.jpg,8,51,140,87,187,1,2
(9)000000071473.jpg,9,124,67,146,95,1,2
(10)000000071473.jpg,10,528,109,564,154,1,2
(11)000000071473.jpg,11,332,18,344,33,0,2
(0)up4479.jpg,0,129,17,185,109,1,2
(1)up4479.jpg,1,89,286,132,341,0,2
(0)up2986.jpg,0,16,68,41,105,0,2
(1)up2986.jpg,1,159,75,192,116,1,2
(0)000000080032.jpg,0,358,317,383,350,0,2
(1)000000080032.jpg,1,53,330,88,372,0,2
(2)000000080032.jpg,2,157,330,208,431,1,2
(0)up1283.jpg,0,52,228,107,303,1,2
(1)up1283.jpg,1,220,195,272,272,1,2
(0)up4615.jpg,0,193,25,251,92,1,2
(1)up4615.jpg,1,40,54,65,85,0,2
(0)000000008601.jpg,0,12,33,27,55,0,2
(1)000000008601.jpg,1,21,83,36,98,0,2
(2)000000008601.jpg,2,141,37,157,57,0,2
(3)000000008601.jpg,3,367,145,389,167,1,2
(4)000000008601.jpg,4,90,87,105,105,0,2
(5)000000008601.jpg,5,161,235,183,263,1,2
(0)000000059628.jpg,0,469,72,494,103,0,2
(1)000000059628.jpg,1,163,109,178,126,0,2
(2)000000059628.jpg,2,7,107,26,126,0,2
(0)up4715.jpg,0,88,93,115,126,1,2
(0)up4817.jpg,0,605,215,619,234,0,2
(1)up4817.jpg,1,553,230,575,261,0,2
(2)up4817.jpg,2,605,256,636,306,0,2
(3)up4817.jpg,3,791,213,845,282,1,2
(4)up4817.jpg,4,1161,219,1190,254,0,2
(5)up4817.jpg,5,582,191,594,206,0,2
(0)000000063419.jpg,0,155,0,170,17,0,2
(1)000000063419.jpg,1,133,19,149,40,0,2
(2)000000063419.jpg,2,304,17,317,35,0,2
(3)000000063419.jpg,3,178,26,193,44,0,2
(4)000000063419.jpg,4,85,47,105,70,0,2
(5)000000063419.jpg,5,239,19,256,42,0,2
(6)000000063419.jpg,6,149,87,180,128,1,2
(7)000000063419.jpg,7,209,0,225,13,0,2
(0)000000025255.jpg,0,301,251,311,265,0,2
(0)000000098530.jpg,0,528,39,559,84,0,2
(1)000000098530.jpg,1,205,60,220,82,0,2
(2)000000098530.jpg,2,117,62,147,102,0,2
(3)000000098530.jpg,3,68,95,92,126,0,2
(4)000000098530.jpg,4,234,53,255,81,0,2
(5)000000098530.jpg,5,318,68,338,95,0,2
(6)000000098530.jpg,6,254,156,288,199,1,2
(7)000000098530.jpg,7,552,67,577,97,0,2
(8)000000098530.jpg,8,415,161,453,205,1,2
(9)000000098530.jpg,9,1,105,30,141,0,2
(10)000000098530.jpg,10,262,233,299,301,1,2
(0)up1201.jpg,0,182,42,288,179,1,2
(1)up1201.jpg,1,413,48,492,177,0,2
(0)000000079811.jpg,0,571,124,587,141,0,2
(1)000000079811.jpg,1,222,41,301,138,1,2
(2)000000079811.jpg,2,105,149,116,163,0,2
(0)000000017211.jpg,0,466,86,516,153,1,2
(1)000000017211.jpg,1,35,188,109,271,1,2
(2)000000017211.jpg,2,585,96,640,217,1,2
(3)000000017211.jpg,3,71,124,125,184,1,2
(0)000000009181.jpg,0,295,76,308,92,0,2
(1)000000009181.jpg,1,261,82,277,102,0,2
(2)000000009181.jpg,2,452,108,466,124,0,2
(3)000000009181.jpg,3,30,107,46,129,0,2
(4)000000009181.jpg,4,163,96,174,110,0,1
(5)000000009181.jpg,5,209,104,221,120,0,1
(0)000000006284.jpg,0,498,11,547,75,0,2
(1)000000006284.jpg,1,279,99,339,178,1,2
(2)000000006284.jpg,2,211,5,249,51,0,2
(3)000000006284.jpg,3,590,35,628,78,0,2
(0)up1204.jpg,0,450,159,475,193,0,2
(1)up1204.jpg,1,232,142,278,206,1,2
(0)up3410.jpg,0,445,76,460,96,0,2
(1)up3410.jpg,1,232,92,282,160,1,2
(2)up3410.jpg,2,307,101,362,172,1,2
(3)up3410.jpg,3,124,78,178,152,1,2
(4)up3410.jpg,4,228,69,242,87,0,2
(0)000000019303.jpg,0,325,24,339,40,0,2
(1)000000019303.jpg,1,299,121,335,151,1,1
(0)up1133.jpg,0,208,118,255,190,1,2
(1)up1133.jpg,1,318,181,352,221,0,2
(0)000000012202.jpg,0,392,83,410,105,0,2
(1)000000012202.jpg,1,572,84,590,109,0,2
(2)000000012202.jpg,2,492,96,521,132,1,2
(3)000000012202.jpg,3,318,80,338,101,0,2
(4)000000012202.jpg,4,116,69,143,105,0,2
(5)000000012202.jpg,5,62,93,75,111,0,2
(0)000000031336.jpg,0,37,196,106,292,1,2
(1)000000031336.jpg,1,335,198,374,246,0,2
(2)000000031336.jpg,2,581,167,640,310,1,2
(3)000000031336.jpg,3,389,190,402,213,0,2
(4)000000031336.jpg,4,214,156,227,174,0,2
(0)000000051538.jpg,0,531,90,581,152,1,2
(1)000000051538.jpg,1,27,73,83,158,1,2
(2)000000051538.jpg,2,158,94,202,151,1,2
(3)000000051538.jpg,3,489,87,529,141,1,2
(4)000000051538.jpg,4,266,106,302,158,1,2
(5)000000051538.jpg,5,596,5,640,92,1,2
(0)up0436.jpg,0,242,116,257,137,0,2
(1)up0436.jpg,1,238,148,257,176,0,2
(2)up0436.jpg,2,510,183,563,246,1,2
(3)up0436.jpg,3,426,138,447,164,0,2
(4)up0436.jpg,4,175,179,223,236,1,2
(5)up0436.jpg,5,459,158,507,215,1,2
(6)up0436.jpg,6,80,158,147,236,1,2
(7)up0436.jpg,7,9,114,21,132,0,2
(8)up0436.jpg,8,323,122,336,139,0,2
(0)000000116276.jpg,0,219,162,236,190,1,2
(1)000000116276.jpg,1,52,118,62,133,0,2
(2)000000116276.jpg,2,183,99,194,113,0,2
(3)000000116276.jpg,3,94,148,105,162,0,2
(4)000000116276.jpg,4,7,115,18,129,0,2
(5)000000116276.jpg,5,538,101,548,116,0,2
(0)000000062424.jpg,0,227,237,259,274,1,2
(1)000000062424.jpg,1,299,189,337,234,1,2
(2)000000062424.jpg,2,483,249,525,301,1,2
(3)000000062424.jpg,3,440,178,474,207,1,2
(0)000000043741.jpg,0,219,67,240,89,1,2
(1)000000043741.jpg,1,506,131,523,160,1,2
(2)000000043741.jpg,2,135,20,146,34,0,2
(3)000000043741.jpg,3,64,12,76,25,0,2
(0)up1311.jpg,0,194,133,272,227,1,2
(1)up1311.jpg,1,359,54,389,88,0,2
(0)000000014136.jpg,0,522,226,542,265,0,2
(1)000000014136.jpg,1,259,174,317,250,1,2
(2)000000014136.jpg,2,564,209,584,247,0,2
(3)000000014136.jpg,3,94,203,130,251,0,2
(4)000000014136.jpg,4,337,179,401,276,1,2
(5)000000014136.jpg,5,480,232,503,268,0,2
(6)000000014136.jpg,6,6,252,18,270,0,2
(0)up0301.jpg,0,485,168,545,234,1,2
(1)up0301.jpg,1,427,54,477,135,1,2
(2)up0301.jpg,2,176,135,222,199,1,2
(3)up0301.jpg,3,94,135,138,198,1,2
(4)up0301.jpg,4,308,164,357,222,1,2
(0)000000016309.jpg,0,158,99,179,123,1,2
(1)000000016309.jpg,1,266,105,289,137,1,2
(2)000000016309.jpg,2,108,108,129,137,1,2
(3)000000016309.jpg,3,209,95,229,121,1,2
(4)000000016309.jpg,4,332,96,355,127,1,2
(5)000000016309.jpg,5,466,101,489,130,1,2
(6)000000016309.jpg,6,547,104,571,137,1,2
(7)000000016309.jpg,7,396,93,419,122,1,2
(8)000000016309.jpg,8,70,104,91,133,1,2
(0)up2191.jpg,0,264,58,295,94,0,2
(1)up2191.jpg,1,87,25,131,79,1,2
(2)up2191.jpg,2,196,61,230,109,1,2
(3)up2191.jpg,3,16,57,30,77,0,2
(0)000000049870.jpg,0,524,156,535,170,0,2
(1)000000049870.jpg,1,269,148,280,162,0,2
(2)000000049870.jpg,2,383,146,395,161,0,2
(0)000000026770.jpg,0,448,26,474,67,0,2
(1)000000026770.jpg,1,100,119,134,172,1,2
(2)000000026770.jpg,2,296,142,333,190,1,2
(0)up3153.jpg,0,187,176,238,258,1,2
(1)up3153.jpg,1,88,90,174,214,1,2
(2)up3153.jpg,2,340,199,370,229,0,2
(0)up2386.jpg,0,97,154,131,195,0,2
(1)up2386.jpg,1,281,81,338,165,1,2
(2)up2386.jpg,2,78,100,89,115,0,2
(0)000000079343.jpg,0,427,95,456,148,0,2
(1)000000079343.jpg,1,327,92,364,144,0,2
(2)000000079343.jpg,2,87,0,143,84,1,2
(3)000000079343.jpg,3,472,0,536,96,1,2
(0)up0079.jpg,0,115,16,157,74,1,2
(1)up0079.jpg,1,399,205,420,234,0,2
(2)up0079.jpg,2,234,200,255,224,0,2
(0)000000032241.jpg,0,289,116,305,134,1,2
(1)000000032241.jpg,1,196,122,207,136,0,2
(0)up1773.jpg,0,158,49,243,158,1,2
(1)up1773.jpg,1,260,148,306,210,0,2
(0)000000037240.jpg,0,310,205,321,220,0,2
(1)000000037240.jpg,1,394,209,420,250,1,2
(2)000000037240.jpg,2,430,222,447,245,0,2
(3)000000037240.jpg,3,144,164,180,214,1,2
(4)000000037240.jpg,4,172,204,183,219,0,2
(0)up1193.jpg,0,160,99,193,148,1,2
(1)up1193.jpg,1,274,126,315,179,1,2
(2)up1193.jpg,2,41,141,62,163,0,2
(0)000000027355.jpg,0,564,50,595,82,0,2
(1)000000027355.jpg,1,232,5,268,51,1,2
(2)000000027355.jpg,2,508,81,532,114,0,2
(3)000000027355.jpg,3,616,6,640,46,0,2
(0)000000110467.jpg,0,384,59,418,96,1,2
(1)000000110467.jpg,1,239,47,269,87,1,2
(2)000000110467.jpg,2,321,92,353,138,1,2
(3)000000110467.jpg,3,281,111,313,151,1,2
(4)000000110467.jpg,4,461,71,496,116,1,2
(5)000000110467.jpg,5,298,62,329,103,1,2
(6)000000110467.jpg,6,208,112,238,156,1,2
(7)000000110467.jpg,7,127,85,157,125,1,2
(0)000000005354.jpg,0,316,134,359,204,1,2
(1)000000005354.jpg,1,136,119,178,191,1,2
(2)000000005354.jpg,2,450,137,488,186,0,2
(0)000000022770.jpg,0,406,156,443,204,1,2
(1)000000022770.jpg,1,302,192,341,236,1,2
(2)000000022770.jpg,2,212,184,248,234,1,2
(0)up1046.jpg,0,46,58,141,187,1,2
(1)up1046.jpg,1,346,55,454,188,1,2
(2)up1046.jpg,2,216,48,311,163,1,2
(0)up1016.jpg,0,129,91,170,149,1,2
(1)up1016.jpg,1,333,139,387,206,1,2
(2)up1016.jpg,2,221,152,262,213,1,2
(0)000000018283.jpg,0,163,132,273,290,1,2
(1)000000018283.jpg,1,84,225,119,278,0,2
(2)000000018283.jpg,2,30,11,67,55,0,0
(0)up1558.jpg,0,34,65,125,174,1,2
(1)up1558.jpg,1,384,123,431,189,0,2
(0)up2907.jpg,0,144,95,181,143,1,2
(1)up2907.jpg,1,334,358,367,395,0,2
(0)up1509.jpg,0,236,122,298,199,1,2
(1)up1509.jpg,1,97,111,148,179,0,2
(0)000000069446.jpg,0,25,227,41,245,0,2
(1)000000069446.jpg,1,339,151,354,172,0,2
(2)000000069446.jpg,2,180,145,285,288,1,2
(0)up2358.jpg,0,94,83,132,133,1,2
(1)up2358.jpg,1,221,82,254,122,1,2
(2)up2358.jpg,2,292,121,323,164,1,2
(3)up2358.jpg,3,360,112,401,169,1,2
(4)up2358.jpg,4,114,156,151,203,1,2
(0)up3275.jpg,0,218,58,236,81,0,2
(1)up3275.jpg,1,214,144,250,186,1,2
(0)000000029745.jpg,0,436,9,505,88,1,2
(1)000000029745.jpg,1,177,144,229,222,1,2
(2)000000029745.jpg,2,237,98,290,167,1,2
(3)000000029745.jpg,3,382,140,430,209,1,2
(0)000000075945.jpg,0,438,123,469,164,1,2
(1)000000075945.jpg,1,245,144,275,196,1,2
(2)000000075945.jpg,2,35,195,46,205,0,1
(0)000000042723.jpg,0,122,87,202,188,1,2
(1)000000042723.jpg,1,411,173,447,218,0,2
(2)000000042723.jpg,2,255,130,310,203,1,2
(0)000000028785.jpg,0,477,115,509,154,0,2
(1)000000028785.jpg,1,87,93,151,199,1,2
(2)000000028785.jpg,2,412,112,437,138,0,2
(3)000000028785.jpg,3,525,138,563,185,0,2
(0)up1869.jpg,0,210,31,226,51,0,2
(1)up1869.jpg,1,191,77,214,106,1,2
(0)000000053251.jpg,0,161,36,182,66,0,2
(1)000000053251.jpg,1,459,40,486,77,0,2
(2)000000053251.jpg,2,521,96,543,127,0,2
(3)000000053251.jpg,3,241,38,266,66,0,2
(4)000000053251.jpg,4,353,58,394,126,1,2
(5)000000053251.jpg,5,555,101,583,137,0,2
(0)000000096579.jpg,0,222,94,282,177,1,2
(1)000000096579.jpg,1,404,195,425,228,0,2
(2)000000096579.jpg,2,519,136,559,200,1,2
(0)000000064840.jpg,0,345,131,366,157,1,2
(1)000000064840.jpg,1,428,161,452,184,1,2
(0)000000030881.jpg,0,488,205,515,239,0,2
(1)000000030881.jpg,1,309,217,339,246,0,2
(2)000000030881.jpg,2,420,213,444,241,0,2
(3)000000030881.jpg,3,475,254,504,290,0,2
(4)000000030881.jpg,4,558,283,587,316,0,2
(5)000000030881.jpg,5,477,332,505,369,0,2
(6)000000030881.jpg,6,286,352,319,384,0,2
(7)000000030881.jpg,7,308,376,340,407,0,2
(8)000000030881.jpg,8,123,19,148,47,0,2
(9)000000030881.jpg,9,402,162,432,201,0,2
(10)000000030881.jpg,10,517,176,543,212,0,2
(11)000000030881.jpg,11,578,222,605,253,0,2
(12)000000030881.jpg,12,573,331,604,362,0,2
(13)000000030881.jpg,13,160,133,206,202,1,2
(14)000000030881.jpg,14,479,10,504,38,0,2
(15)000000030881.jpg,15,557,2,584,31,0,2
(16)000000030881.jpg,16,312,249,340,284,0,2
(17)000000030881.jpg,17,22,324,50,361,0,2
(18)000000030881.jpg,18,385,329,418,374,0,2
(19)000000030881.jpg,19,455,307,478,335,0,2
(20)000000030881.jpg,20,588,387,616,419,0,2
(21)000000030881.jpg,21,206,336,238,372,0,2
(22)000000030881.jpg,22,221,244,246,276,0,2
(23)000000030881.jpg,23,37,2,63,29,0,2
(24)000000030881.jpg,24,382,304,402,327,0,2
(25)000000030881.jpg,25,41,284,63,315,0,2
(26)000000030881.jpg,26,277,305,296,340,0,2
(0)up2518.jpg,0,419,14,441,39,0,2
(1)up2518.jpg,1,226,73,261,117,1,2
(0)000000083122.jpg,0,125,82,155,113,0,2
(1)000000083122.jpg,1,333,52,357,80,0,2
(2)000000083122.jpg,2,191,57,218,88,0,2
(3)000000083122.jpg,3,584,78,611,116,0,2
(4)000000083122.jpg,4,442,67,469,102,0,2
(5)000000083122.jpg,5,449,37,494,94,1,2
(0)up4666.jpg,0,272,131,296,164,1,2
(1)up4666.jpg,1,2,189,25,222,0,2
(2)up4666.jpg,2,19,232,38,254,0,2
(0)000000064503.jpg,0,144,101,253,251,1,2
(1)000000064503.jpg,1,348,133,423,253,0,2
(0)up4722.jpg,0,546,105,560,125,0,2
(1)up4722.jpg,1,134,133,158,159,1,2
(2)up4722.jpg,2,324,131,346,160,1,2
(3)up4722.jpg,3,599,108,614,127,0,2
(0)up2822.jpg,0,320,110,339,135,0,2
(1)up2822.jpg,1,145,57,181,106,1,2
(0)up0637.jpg,0,267,136,292,163,0,2
(1)up0637.jpg,1,147,10,228,117,1,2
(2)up0637.jpg,2,264,53,306,121,0,2
(3)up0637.jpg,3,280,172,299,192,0,2
(0)000000103605.jpg,0,132,254,198,347,1,2
(1)000000103605.jpg,0,278,310,289,326,0,1
(0)000000000619.jpg,0,277,66,294,84,0,2
(1)000000000619.jpg,1,279,178,294,196,0,2
(2)000000000619.jpg,2,152,58,167,79,0,2
(3)000000000619.jpg,3,145,173,198,225,1,2
(0)000000019280.jpg,0,252,79,277,120,1,2
(1)000000019280.jpg,1,2,42,17,61,0,2
(2)000000019280.jpg,2,190,61,219,96,1,2
(3)000000019280.jpg,3,492,62,513,91,0,2
(0)up2824.jpg,0,120,60,192,156,1,2
(1)up2824.jpg,1,88,11,147,79,0,2
(0)up3521.jpg,0,259,48,286,82,1,2
(1)up3521.jpg,1,206,163,244,210,1,2
(2)up3521.jpg,2,294,124,331,166,1,2
(0)000000054263.jpg,0,436,162,454,188,1,2
(1)000000054263.jpg,1,416,0,433,20,0,2
(2)000000054263.jpg,2,388,0,403,12,0,2
(3)000000054263.jpg,3,508,0,523,13,0,2
(0)000000082193.jpg,0,271,52,331,135,1,2
(1)000000082193.jpg,1,326,7,378,62,0,2
(2)000000082193.jpg,2,170,8,225,70,0,2
(0)up2639.jpg,0,251,24,309,107,1,2
(1)up2639.jpg,1,138,10,195,99,1,2
(2)up2639.jpg,2,312,81,368,148,1,2
(3)up2639.jpg,3,157,142,209,198,1,2
(0)000000015982.jpg,0,589,81,608,110,0,2
(1)000000015982.jpg,1,330,82,358,120,0,2
(2)000000015982.jpg,2,466,56,511,116,1,2
(3)000000015982.jpg,3,421,58,456,109,1,2
(4)000000015982.jpg,4,556,89,571,117,0,2
(0)000000013695.jpg,0,348,143,372,174,1,2
(1)000000013695.jpg,1,589,260,607,281,0,2
(2)000000013695.jpg,2,509,190,531,218,0,2
(3)000000013695.jpg,3,245,213,262,232,0,2
(0)000000016012.jpg,0,240,186,275,236,1,2
(1)000000016012.jpg,1,486,129,497,143,0,1
(0)up0152.jpg,0,460,124,473,143,0,2
(1)up0152.jpg,1,526,121,543,145,0,2
(2)up0152.jpg,2,142,131,153,146,0,2
(3)up0152.jpg,3,507,196,526,222,0,2
(4)up0152.jpg,4,307,104,340,155,1,2
(5)up0152.jpg,5,562,109,574,128,0,2
(0)up4408.jpg,0,244,158,310,254,1,2
(1)up4408.jpg,1,108,190,142,236,0,2
(0)000000102075.jpg,0,56,142,84,178,0,2
(1)000000102075.jpg,1,204,99,243,146,1,2
(0)up1439.jpg,0,67,152,93,194,0,2
(1)up1439.jpg,1,188,65,265,175,1,2
(0)up0999.jpg,0,262,99,317,162,1,2
(1)up0999.jpg,1,45,167,79,203,0,1
(0)up3407.jpg,0,346,82,405,163,1,2
(1)up3407.jpg,1,94,104,146,176,1,2
(2)up3407.jpg,2,208,94,259,164,1,2
(0)000000092538.jpg,0,84,121,105,149,0,2
(1)000000092538.jpg,1,213,103,280,180,1,2
(2)000000092538.jpg,2,0,111,25,144,0,2
(0)up2770.jpg,0,341,1,402,73,0,2
(1)up2770.jpg,1,422,88,487,162,0,2
(2)up2770.jpg,2,4,107,64,195,0,2
(3)up2770.jpg,3,199,127,280,211,1,2
(0)up2044.jpg,0,107,124,171,199,1,2
(1)up2044.jpg,1,220,175,282,252,1,2
(2)up2044.jpg,2,357,184,411,254,1,2
(0)000000075279.jpg,0,37,110,97,183,1,2
(1)000000075279.jpg,1,193,149,256,219,1,2
(2)000000075279.jpg,2,12,76,35,108,0,2
(3)000000075279.jpg,3,480,151,555,249,1,2
(4)000000075279.jpg,4,472,109,497,142,0,2
(0)000000096366.jpg,0,73,7,87,28,0,2
(1)000000096366.jpg,1,117,19,144,51,1,2
(0)000000012963.jpg,0,158,158,169,172,0,2
(1)000000012963.jpg,1,268,107,293,136,1,2
(2)000000012963.jpg,2,188,174,201,188,0,2
(3)000000012963.jpg,3,134,167,148,181,0,2
(0)up0919.jpg,0,60,78,76,100,1,2
(1)up0919.jpg,1,211,71,231,96,1,2
(2)up0919.jpg,2,305,50,328,86,1,2
(3)up0919.jpg,3,133,70,151,90,1,2
(4)up0919.jpg,4,397,59,425,96,1,2
(0)000000094633.jpg,0,229,180,266,226,1,2
(1)000000094633.jpg,1,333,154,369,196,1,2
(2)000000094633.jpg,2,403,127,446,185,1,2
(3)000000094633.jpg,3,166,138,204,187,1,2
(0)up0273.jpg,0,132,113,161,149,0,2
(1)up0273.jpg,1,189,119,229,176,1,2
(0)up4365.jpg,0,317,81,346,126,0,2
(1)up4365.jpg,1,137,54,226,179,1,2
(0)up4613.jpg,0,324,171,347,204,0,2
(1)up4613.jpg,1,229,122,277,186,1,2
(0)000000033825.jpg,0,425,411,446,439,0,2
(1)000000033825.jpg,1,447,370,464,394,0,2
(2)000000033825.jpg,2,94,213,125,265,1,2
(3)000000033825.jpg,3,365,355,376,371,0,2
(0)up1510.jpg,0,40,129,67,161,0,2
(1)up1510.jpg,1,193,121,231,167,1,2
(0)000000069674.jpg,0,365,77,398,120,0,2
(1)000000069674.jpg,1,283,102,314,135,0,2
(2)000000069674.jpg,2,68,32,126,106,1,2
(0)000000041495.jpg,0,200,69,244,131,1,2
(1)000000041495.jpg,1,94,461,105,475,0,2
(2)000000041495.jpg,2,7,460,17,473,0,2
(0)up1482.jpg,0,237,60,288,135,1,2
(1)up1482.jpg,1,448,23,485,70,0,2
(2)up1482.jpg,2,456,151,495,196,0,1
(0)up0239.jpg,0,100,145,111,162,0,2
(1)up0239.jpg,1,26,171,48,198,0,2
(2)up0239.jpg,2,231,58,388,269,1,2
(3)up0239.jpg,3,8,167,28,195,0,2
(0)000000109406.jpg,0,189,15,203,29,0,2
(1)000000109406.jpg,1,356,146,373,168,1,2
(2)000000109406.jpg,2,462,166,478,187,1,2
(0)up0465.jpg,0,173,168,257,265,1,2
(1)up0465.jpg,1,386,223,427,291,0,2
(0)000000037335.jpg,0,66,208,181,351,1,2
(1)000000037335.jpg,1,554,203,586,254,0,0
(2)000000037335.jpg,2,295,246,324,284,0,2
(0)000000014311.jpg,0,287,72,320,109,1,2
(1)000000014311.jpg,1,187,145,202,164,0,2
(2)000000014311.jpg,2,464,68,501,108,1,2
(0)000000017991.jpg,0,489,243,508,264,0,2
(1)000000017991.jpg,1,255,76,313,142,1,2
(2)000000017991.jpg,2,180,286,192,302,0,2
(0)up1252.jpg,0,221,159,294,247,1,2
(1)up1252.jpg,1,417,421,466,494,0,2
(2)up1252.jpg,2,330,501,400,599,0,2
(3)up1252.jpg,3,22,43,98,139,1,2
(0)000000087779.jpg,0,136,207,242,351,1,2
(1)000000087779.jpg,1,428,256,453,290,0,2
(0)000000085953.jpg,0,118,128,161,189,1,2
(1)000000085953.jpg,1,471,162,524,232,1,2
(2)000000085953.jpg,2,292,154,331,213,1,2
(3)000000085953.jpg,3,27,186,38,203,0,2
(0)000000039461.jpg,0,221,27,256,73,1,2
(1)000000039461.jpg,1,325,69,364,115,1,2
(2)000000039461.jpg,2,81,103,103,136,0,2
(3)000000039461.jpg,3,512,154,528,175,0,2
(0)000000012403.jpg,0,278,79,294,102,1,2
(1)000000012403.jpg,1,227,85,250,117,1,2
(2)000000012403.jpg,2,339,85,360,113,1,2
(3)000000012403.jpg,3,114,94,135,127,0,2
(4)000000012403.jpg,4,370,91,404,130,1,2
(5)000000012403.jpg,5,189,101,215,136,1,2
(6)000000012403.jpg,6,95,152,145,213,1,2
(7)000000012403.jpg,7,238,69,257,94,1,2
(8)000000012403.jpg,8,155,106,187,141,1,2
(9)000000012403.jpg,9,383,132,420,176,1,2
(10)000000012403.jpg,10,350,96,374,130,1,2
(11)000000012403.jpg,11,70,90,83,110,0,2
(12)000000012403.jpg,12,155,145,194,193,1,2
(13)000000012403.jpg,13,154,77,168,95,0,2
(0)000000074696.jpg,0,409,167,435,195,0,2
(1)000000074696.jpg,1,195,69,328,236,1,2
(0)000000054255.jpg,0,167,266,184,288,0,2
(0)000000007693.jpg,0,250,93,320,190,1,2
(1)000000007693.jpg,1,33,118,59,153,0,2
(0)000000016921.jpg,0,44,142,81,189,1,2
(1)000000016921.jpg,1,552,99,563,114,0,2
(2)000000016921.jpg,2,469,129,495,162,1,2
(3)000000016921.jpg,3,583,117,596,132,0,2
(4)000000016921.jpg,4,252,96,276,123,1,2
(5)000000016921.jpg,5,199,113,213,128,0,2
(6)000000016921.jpg,6,303,158,327,185,1,2
(7)000000016921.jpg,7,17,131,39,155,0,2
(8)000000016921.jpg,8,49,325,84,372,0,2
(0)000000071812.jpg,0,280,120,309,151,1,2
(1)000000071812.jpg,1,351,122,372,154,1,2
(2)000000071812.jpg,2,96,111,110,125,0,1
(0)000000057263.jpg,0,381,79,410,118,1,2
(1)000000057263.jpg,1,141,101,164,142,1,2
(2)000000057263.jpg,2,241,118,252,134,0,2
(0)000000027757.jpg,0,72,208,100,239,0,2
(1)000000027757.jpg,1,181,41,222,106,1,2
(0)up0096.jpg,0,33,72,56,109,0,2
(1)up0096.jpg,1,212,44,253,106,1,2
(2)up0096.jpg,2,292,90,305,108,0,2
(0)000000104789.jpg,0,310,176,324,193,0,2
(1)000000104789.jpg,1,131,95,223,236,1,2
(2)000000104789.jpg,2,212,91,248,130,0,2
(3)000000104789.jpg,3,73,93,88,118,0,2
(4)000000104789.jpg,4,357,111,368,126,0,2
(0)000000057735.jpg,0,205,142,226,167,1,2
(1)000000057735.jpg,1,152,100,168,121,0,2
(0)000000040802.jpg,0,427,85,465,128,0,2
(1)000000040802.jpg,1,212,71,297,164,1,2
(0)000000044395.jpg,0,102,135,137,177,1,2
(1)000000044395.jpg,1,240,228,251,241,0,2
(0)000000051019.jpg,0,330,162,358,192,1,2
(1)000000051019.jpg,1,239,154,264,188,1,2
(2)000000051019.jpg,2,518,212,529,226,0,2
(3)000000051019.jpg,3,574,214,586,229,0,2
(0)000000061542.jpg,0,120,179,132,193,0,2
(1)000000061542.jpg,1,270,165,284,187,1,2
(2)000000061542.jpg,2,349,178,368,205,1,2
(3)000000061542.jpg,3,557,229,568,243,0,2
(4)000000061542.jpg,4,471,188,481,204,0,2
(0)up1384.jpg,0,124,91,223,216,1,2
(1)up1384.jpg,1,189,83,272,208,0,2
(0)000000002362.jpg,0,21,236,33,249,0,2
(1)000000002362.jpg,1,208,243,219,257,0,2
(2)000000002362.jpg,2,406,255,418,268,0,2
(3)000000002362.jpg,3,354,272,370,291,0,2
(4)000000002362.jpg,4,153,261,174,291,1,2
(5)000000002362.jpg,5,74,231,86,245,0,2
(6)000000002362.jpg,6,330,278,345,295,0,2
(7)000000002362.jpg,7,297,213,308,229,0,2
(8)000000002362.jpg,8,244,210,256,224,0,2
(9)000000002362.jpg,9,231,220,242,232,0,2
(10)000000002362.jpg,10,356,211,368,224,0,2
(11)000000002362.jpg,11,271,266,285,283,0,2
(0)000000069986.jpg,0,158,158,173,175,1,2
(1)000000069986.jpg,1,373,161,388,180,1,2
(2)000000069986.jpg,2,407,165,420,182,1,2
(3)000000069986.jpg,3,450,170,464,186,1,2
(4)000000069986.jpg,4,61,147,80,173,1,2
(5)000000069986.jpg,5,266,174,280,191,1,2
(6)000000069986.jpg,6,460,218,474,237,1,2
(7)000000069986.jpg,7,268,152,281,166,1,2
(8)000000069986.jpg,8,303,171,316,185,1,2
(9)000000069986.jpg,9,211,159,224,173,1,2
(10)000000069986.jpg,10,120,159,137,181,1,2
(11)000000069986.jpg,11,343,221,359,240,1,2
(12)000000069986.jpg,12,336,159,350,179,1,2
(13)000000069986.jpg,13,191,162,207,182,1,2
(14)000000069986.jpg,14,296,229,312,246,1,2
(15)000000069986.jpg,15,428,264,445,286,1,2
(16)000000069986.jpg,16,423,170,436,184,1,2
(17)000000069986.jpg,17,381,150,393,165,1,2
(18)000000069986.jpg,18,459,203,472,218,1,2
(0)up0786.jpg,0,444,67,465,94,0,2
(1)up0786.jpg,1,196,40,267,139,1,2
(2)up0786.jpg,2,341,94,417,183,1,2
(3)up0786.jpg,3,278,51,339,145,1,2
(4)up0786.jpg,4,140,116,209,207,1,2
(5)up0786.jpg,5,75,106,143,196,1,2
(0)up0500.jpg,0,319,47,393,152,1,2
(1)up0500.jpg,1,226,60,312,169,1,2
(2)up0500.jpg,2,0,57,40,104,0,2
(0)000000031448.jpg,0,138,269,157,293,0,2
(1)000000031448.jpg,1,6,342,54,401,0,2
(2)000000031448.jpg,2,126,293,154,329,0,2
(0)up1171.jpg,0,186,132,298,279,1,2
(1)up1171.jpg,1,88,92,159,178,0,2
(0)up3675.jpg,0,458,80,500,139,0,2
(1)up3675.jpg,1,192,14,246,88,1,2
(0)up4119.jpg,0,192,83,226,129,1,2
(1)up4119.jpg,1,257,83,281,114,0,2
(2)up4119.jpg,2,129,7,144,27,0,2
(3)up4119.jpg,3,71,21,84,37,0,2
(0)000000027634.jpg,0,66,98,99,142,1,2
(1)000000027634.jpg,1,233,151,262,191,1,2
(2)000000027634.jpg,2,427,157,458,190,1,2
(3)000000027634.jpg,3,351,166,378,199,1,2
(4)000000027634.jpg,4,288,152,315,187,1,2
(5)000000027634.jpg,5,389,171,416,207,1,2
(6)000000027634.jpg,6,297,212,323,250,1,2
(7)000000027634.jpg,7,170,137,199,173,1,2
(0)up0028.jpg,0,559,260,604,312,0,2
(1)up0028.jpg,1,275,24,346,124,1,2
(0)up0401.jpg,0,198,140,295,265,1,2
(1)up0401.jpg,1,451,66,480,114,0,2
(0)up4147.jpg,0,80,89,165,201,0,2
(1)up4147.jpg,1,210,96,297,231,1,2
(0)up4466.jpg,0,301,47,320,71,0,2
(1)up4466.jpg,1,104,109,138,156,1,2
(0)000000040378.jpg,0,119,54,188,151,0,2
(0)000000053944.jpg,0,260,92,274,107,0,2
(1)000000053944.jpg,1,160,92,193,129,1,2
(2)000000053944.jpg,2,105,101,118,116,0,2
(3)000000053944.jpg,3,190,107,203,127,0,2
(0)up0396.jpg,0,255,182,311,260,1,2
(1)up0396.jpg,1,47,54,84,108,0,2
(0)up2536.jpg,0,184,119,273,224,1,2
(1)up2536.jpg,1,319,49,385,113,0,2
(0)000000038377.jpg,0,212,108,229,129,0,2
(1)000000038377.jpg,1,389,97,411,126,0,2
(2)000000038377.jpg,2,282,66,314,111,1,2
(0)000000028358.jpg,0,41,78,140,202,1,2
(1)000000028358.jpg,1,272,1,319,30,0,1
(0)000000097285.jpg,0,355,205,370,224,0,2
(1)000000097285.jpg,1,181,182,217,224,1,2
(2)000000097285.jpg,2,126,185,141,201,0,2
(3)000000097285.jpg,3,380,199,392,221,0,2
(0)up1342.jpg,0,18,111,67,171,1,2
(1)up1342.jpg,1,233,65,262,106,1,2
(2)up1342.jpg,2,98,90,132,141,1,2
(3)up1342.jpg,3,287,61,314,100,1,2
(0)000000058618.jpg,0,306,133,326,155,1,2
(1)000000058618.jpg,1,99,156,112,172,0,2
(0)000000015974.jpg,0,162,216,181,246,0,2
(1)000000015974.jpg,1,337,242,356,271,0,2
(2)000000015974.jpg,2,447,272,464,294,0,2
(3)000000015974.jpg,3,368,206,403,252,1,2
(4)000000015974.jpg,4,69,227,80,240,0,2
(5)000000015974.jpg,5,134,227,148,247,0,2
(6)000000015974.jpg,6,517,295,533,316,0,2
(7)000000015974.jpg,7,546,272,578,311,0,2
(0)up3243.jpg,0,156,221,212,290,0,2
(1)up3243.jpg,1,353,189,418,276,1,2
(0)up3079.jpg,0,206,310,237,354,0,2
(1)up3079.jpg,1,118,31,185,134,1,2
(0)up0987.jpg,0,137,16,180,83,0,2
(1)up0987.jpg,1,220,91,290,179,1,2
(0)000000102425.jpg,0,191,85,266,186,1,2
(1)000000102425.jpg,1,393,71,476,182,1,2
(2)000000102425.jpg,2,320,118,379,195,1,2
(3)000000102425.jpg,3,606,27,638,64,0,1
(0)000000023408.jpg,0,252,296,274,323,1,2
(1)000000023408.jpg,1,194,306,214,329,1,2
(2)000000023408.jpg,2,134,289,154,315,1,2
(3)000000023408.jpg,3,83,308,105,328,1,2
(0)up3040.jpg,0,306,99,351,163,1,2
(1)up3040.jpg,1,0,55,25,102,0,2
(0)000000024320.jpg,0,549,66,575,100,0,2
(1)000000024320.jpg,1,21,80,45,110,0,2
(2)000000024320.jpg,2,481,75,508,113,1,2
(3)000000024320.jpg,3,112,108,141,144,1,2
(4)000000024320.jpg,4,513,79,547,121,1,2
(5)000000024320.jpg,5,615,84,639,118,0,2
(6)000000024320.jpg,6,221,72,251,113,1,2
(7)000000024320.jpg,7,326,89,360,135,1,2
(8)000000024320.jpg,8,265,72,289,103,0,2
(9)000000024320.jpg,9,588,67,605,91,0,2
(0)up4702.jpg,0,38,101,56,123,0,2
(1)up4702.jpg,1,387,98,413,136,1,2
(2)up4702.jpg,2,236,126,254,147,0,1
(0)up0885.jpg,0,302,72,326,99,0,2
(0)up0370.jpg,0,208,79,284,180,1,2
(1)up0370.jpg,1,45,35,98,105,0,2
(2)up0370.jpg,2,383,45,454,141,1,2
(0)000000051036.jpg,0,219,35,236,60,1,2
(1)000000051036.jpg,1,290,109,326,148,0,2
(2)000000051036.jpg,2,460,32,480,63,0,2
(3)000000051036.jpg,3,184,49,208,80,0,2
(4)000000051036.jpg,4,330,121,362,162,1,1
(0)000000074897.jpg,0,459,240,475,261,0,2
(1)000000074897.jpg,1,496,242,523,274,1,2
(2)000000074897.jpg,2,292,152,320,188,1,2
(3)000000074897.jpg,3,23,270,33,286,0,2
(4)000000074897.jpg,4,75,246,87,260,0,2
(0)000000059197.jpg,0,76,70,130,138,1,2
(1)000000059197.jpg,1,336,73,381,115,1,2
(2)000000059197.jpg,2,561,90,586,123,0,2
(0)up0442.jpg,0,171,151,232,235,1,2
(1)up0442.jpg,1,339,203,368,238,0,2
(2)up0442.jpg,2,408,164,420,179,0,2
(0)000000014028.jpg,0,586,53,601,72,0,2
(1)000000014028.jpg,1,333,161,370,208,1,2
(2)000000014028.jpg,2,201,66,262,117,1,2
(3)000000014028.jpg,3,402,230,433,280,1,2
(4)000000014028.jpg,4,316,347,357,406,1,2
(0)up0106.jpg,0,250,93,320,190,1,2
(1)up0106.jpg,1,33,118,59,153,0,2
(0)000000085609.jpg,0,71,316,82,330,0,2
(1)000000085609.jpg,1,2,312,12,331,0,2
(0)up0419.jpg,0,235,94,356,248,1,2
(1)up0419.jpg,1,544,52,635,184,0,2
(0)up3061.jpg,0,294,65,325,101,1,2
(1)up3061.jpg,1,363,89,392,129,1,2
(2)up3061.jpg,2,502,74,543,132,1,2
(3)up3061.jpg,3,426,43,461,89,1,2
(4)up3061.jpg,4,293,195,307,212,0,0
(0)up0288.jpg,0,15,171,48,212,0,2
(1)up0288.jpg,1,158,281,200,334,1,2
(0)000000115101.jpg,0,61,232,88,266,0,2
(1)000000115101.jpg,1,185,119,213,163,1,2
(2)000000115101.jpg,2,340,210,352,231,0,2
(3)000000115101.jpg,3,37,247,51,263,0,2
(4)000000115101.jpg,4,67,322,114,376,0,2
(0)000000037580.jpg,0,261,128,282,153,1,2
(1)000000037580.jpg,1,211,98,243,135,1,2
(2)000000037580.jpg,2,443,117,469,153,1,2
(3)000000037580.jpg,3,352,113,371,138,1,2
(0)up2421.jpg,0,216,112,273,186,1,2
(1)up2421.jpg,1,331,102,385,176,1,2
(2)up2421.jpg,2,119,118,176,193,1,2
(0)000000062523.jpg,0,276,142,380,280,1,2
(1)000000062523.jpg,1,392,6,431,53,0,2
(2)000000062523.jpg,2,559,27,591,66,0,2
(3)000000062523.jpg,3,508,55,529,83,0,2
(0)000000071860.jpg,0,62,49,79,80,0,2
(1)000000071860.jpg,1,154,49,176,75,0,2
(2)000000071860.jpg,2,188,68,232,120,1,2
(0)up2382.jpg,0,183,39,219,86,1,2
(1)up2382.jpg,1,382,42,420,105,1,2
(2)up2382.jpg,2,67,53,114,117,1,2
(0)000000092334.jpg,0,407,96,428,119,0,2
(1)000000092334.jpg,1,445,97,471,134,0,2
(2)000000092334.jpg,2,128,26,178,94,1,2
(0)000000085477.jpg,0,93,147,120,180,1,2
(1)000000085477.jpg,1,312,151,340,188,1,2
(2)000000085477.jpg,2,134,165,163,196,1,2
(3)000000085477.jpg,3,194,177,220,207,1,2
(4)000000085477.jpg,4,171,160,195,187,1,2
(5)000000085477.jpg,5,252,169,277,201,1,2
(0)000000029396.jpg,0,52,214,64,230,0,2
(0)000000025028.jpg,0,221,16,282,101,1,2
(1)000000025028.jpg,1,369,94,420,174,1,2
(2)000000025028.jpg,2,57,186,118,280,0,2
(0)up0091.jpg,0,219,221,248,261,0,2
(1)up0091.jpg,1,338,45,380,108,1,2
(0)up4428.jpg,0,307,254,327,279,0,2
(1)up4428.jpg,1,101,126,149,185,1,2
(0)000000017857.jpg,0,19,394,39,420,0,2
(1)000000017857.jpg,1,312,389,337,418,1,2
(0)000000019274.jpg,0,399,170,427,209,0,2
(1)000000019274.jpg,1,268,152,305,197,1,2
(2)000000019274.jpg,2,170,83,202,121,0,2
(0)000000096002.jpg,0,284,94,377,212,1,2
(1)000000096002.jpg,1,11,63,57,125,0,2
(0)000000007390.jpg,0,332,68,392,149,0,2
(1)000000007390.jpg,1,166,93,214,148,0,2
(2)000000007390.jpg,2,265,122,357,253,1,2
(0)000000090128.jpg,0,508,173,527,198,0,2
(1)000000090128.jpg,1,310,80,392,188,1,2
(2)000000090128.jpg,2,172,95,210,143,0,2
(0)up2712.jpg,0,74,0,129,80,0,2
(1)up2712.jpg,1,383,54,450,126,1,2
(2)up2712.jpg,2,15,193,44,228,0,2
(0)000000105436.jpg,0,441,82,469,123,0,2
(1)000000105436.jpg,1,359,115,428,186,1,2
(2)000000105436.jpg,2,487,77,516,113,0,2
(0)000000014939.jpg,0,308,75,368,161,1,2
(1)000000014939.jpg,1,129,184,165,233,0,2
(2)000000014939.jpg,2,3,309,38,354,0,2
(0)000000053148.jpg,0,178,20,203,57,1,2
(1)000000053148.jpg,1,607,58,627,86,0,2
(2)000000053148.jpg,2,319,54,347,96,1,2
(3)000000053148.jpg,3,519,62,549,101,1,2
(4)000000053148.jpg,4,249,43,281,83,1,2
(5)000000053148.jpg,5,475,69,495,107,1,2
(0)up0165.jpg,0,571,124,587,141,0,2
(1)up0165.jpg,1,222,41,301,138,1,2
(2)up0165.jpg,2,105,149,116,163,0,2
(0)up0780.jpg,0,244,82,279,128,1,2
(1)up0780.jpg,1,44,188,65,213,0,2
(0)up0410.jpg,0,212,36,253,80,1,2
(1)up0410.jpg,1,77,73,101,107,0,2
(2)up0410.jpg,2,507,81,541,129,1,2
(0)000000059421.jpg,0,473,56,515,122,1,2
(1)000000059421.jpg,1,326,93,360,136,1,2
(2)000000059421.jpg,2,155,73,194,128,0,2
(3)000000059421.jpg,3,246,97,270,128,1,2
(0)000000070010.jpg,0,122,115,244,300,1,2
(1)000000070010.jpg,1,111,76,130,108,0,2
(0)up1728.jpg,0,107,79,164,163,1,2
(1)up1728.jpg,1,76,122,108,158,0,2
(0)up4732.jpg,0,32,199,51,229,0,2
(1)up4732.jpg,1,69,191,97,227,0,2
(2)up4732.jpg,2,125,183,174,242,1,2
(3)up4732.jpg,3,190,206,228,259,1,2
(4)up4732.jpg,4,252,170,268,194,0,2
(5)up4732.jpg,5,310,162,323,177,0,2
(0)up0455.jpg,0,282,46,476,314,1,2
(1)up0455.jpg,1,65,220,100,252,0,2
(0)up4353.jpg,0,167,91,209,155,1,2
(1)up4353.jpg,1,130,162,143,178,0,2
(2)up4353.jpg,2,274,126,289,149,0,2
(0)up4283.jpg,0,460,81,500,132,0,2
(1)up4283.jpg,1,289,79,346,157,1,2
(2)up4283.jpg,2,100,113,169,202,1,2
(0)up0413.jpg,0,274,146,310,194,0,2
(1)up0413.jpg,1,160,163,238,262,1,2
(0)000000039867.jpg,0,119,129,173,203,1,2
(1)000000039867.jpg,1,216,126,263,196,1,2
(2)000000039867.jpg,2,477,136,541,219,1,2
(0)000000036799.jpg,0,427,82,464,122,1,2
(1)000000036799.jpg,1,467,206,515,267,1,2
(2)000000036799.jpg,2,186,210,227,254,1,2
(3)000000036799.jpg,3,438,125,450,141,0,2
(0)up3265.jpg,0,159,85,235,160,1,2
(1)up3265.jpg,1,39,199,89,262,0,2
(0)up3280.jpg,0,55,94,77,124,0,2
(1)up3280.jpg,1,108,126,168,185,1,2
(0)000000015763.jpg,0,101,55,121,79,0,2
(1)000000015763.jpg,1,223,119,248,154,1,2
(0)up2547.jpg,0,220,182,252,220,1,2
(1)up2547.jpg,1,21,332,42,359,0,2
(0)up2821.jpg,0,66,179,81,199,0,2
(1)up2821.jpg,1,95,178,110,199,0,2
(2)up2821.jpg,2,260,210,280,233,0,2
(3)up2821.jpg,3,128,177,146,198,0,2
(4)up2821.jpg,4,175,77,249,180,1,2
(0)up1446.jpg,0,225,59,283,149,1,2
(1)up1446.jpg,1,375,117,401,153,0,2
(0)up4633.jpg,0,27,262,48,288,0,2
(1)up4633.jpg,1,161,116,193,160,1,2
(2)up4633.jpg,2,116,234,136,257,0,2
(0)000000024834.jpg,0,304,311,316,325,0,2
(0)000000004774.jpg,0,204,141,234,182,1,2
(1)000000004774.jpg,1,370,168,385,193,0,2
(0)000000011977.jpg,0,83,124,98,140,0,2
(1)000000011977.jpg,1,434,148,457,171,1,2
(2)000000011977.jpg,2,397,133,405,144,0,1
(0)up0057.jpg,0,196,30,238,90,1,2
(1)up0057.jpg,1,377,128,399,160,0,2
(0)000000077775.jpg,0,151,76,284,245,1,2
(1)000000077775.jpg,1,443,163,480,231,0,2
(0)up0816.jpg,0,160,92,186,122,0,2
(1)up0816.jpg,1,365,127,411,187,1,2
(2)up0816.jpg,2,238,120,278,167,1,2
(0)000000006984.jpg,0,33,72,56,109,0,2
(1)000000006984.jpg,1,212,44,253,106,1,2
(2)000000006984.jpg,2,292,90,305,108,0,2
(0)up3047.jpg,0,358,103,434,190,1,2
(1)up3047.jpg,1,99,157,158,229,1,2
(2)up3047.jpg,2,347,216,366,250,0,2
(0)000000031949.jpg,0,64,179,96,219,0,2
(1)000000031949.jpg,1,109,185,140,220,0,2
(2)000000031949.jpg,2,407,172,444,213,0,2
(3)000000031949.jpg,3,586,193,609,230,0,2
(4)000000031949.jpg,4,304,129,372,213,1,2
(5)000000031949.jpg,5,499,173,542,231,0,2
(6)000000031949.jpg,6,626,214,639,239,0,2
(0)up0448.jpg,0,302,133,385,233,1,2
(1)up0448.jpg,1,120,209,137,227,0,2
(2)up0448.jpg,2,605,194,617,209,0,2
(3)up0448.jpg,3,47,219,61,238,0,2
(0)000000034125.jpg,0,306,109,321,134,1,2
(0)000000057900.jpg,0,147,157,167,180,1,2
(1)000000057900.jpg,1,211,168,228,190,1,2
(2)000000057900.jpg,2,311,168,329,189,1,2
(3)000000057900.jpg,3,452,169,471,193,1,2
(4)000000057900.jpg,4,395,181,410,200,1,2
(0)000000023826.jpg,0,258,204,281,230,1,2
(1)000000023826.jpg,1,183,114,195,129,0,2
(0)up4719.jpg,0,467,136,496,175,1,2
(1)up4719.jpg,1,39,139,64,171,1,2
(2)up4719.jpg,2,215,97,241,134,1,2
(3)up4719.jpg,3,379,116,408,154,1,2
(4)up4719.jpg,4,563,169,587,208,1,2
(0)000000036184.jpg,0,143,67,163,96,0,2
(1)000000036184.jpg,1,295,86,360,164,1,2
(2)000000036184.jpg,2,411,76,480,169,1,2
(3)000000036184.jpg,3,61,145,126,198,1,2
(4)000000036184.jpg,4,243,53,268,87,0,2
(0)up4535.jpg,0,119,1,136,21,0,2
(1)up4535.jpg,1,322,91,356,133,1,2
(2)up4535.jpg,2,329,130,359,171,1,2
(3)up4535.jpg,3,49,19,60,34,0,2
(0)000000581727.jpg,0,168,159,233,245,1,2
(1)000000581727.jpg,1,351,79,378,114,0,2
(2)000000581727.jpg,2,264,102,333,191,1,2
(0)up0101.jpg,0,332,68,392,149,0,2
(1)up0101.jpg,1,166,93,214,148,0,2
(2)up0101.jpg,2,265,122,357,253,1,2
(0)000000095637.jpg,0,198,41,312,195,1,2
(1)000000095637.jpg,1,611,352,636,396,0,2
(0)up3271.jpg,0,568,124,589,149,0,2
(1)up3271.jpg,1,112,123,145,161,1,2
(2)up3271.jpg,2,459,142,488,179,1,2
(0)000000010956.jpg,0,383,134,405,164,1,2
(1)000000010956.jpg,1,275,117,298,148,1,2
(2)000000010956.jpg,2,319,120,339,145,1,2
(3)000000010956.jpg,3,514,377,556,426,0,2
(4)000000010956.jpg,4,315,136,329,155,0,0
(0)up4210.jpg,0,77,170,113,214,0,2
(1)up4210.jpg,1,400,89,453,149,1,2
(0)000000038011.jpg,0,199,326,211,341,0,2
(1)000000038011.jpg,1,445,338,456,354,0,2
(2)000000038011.jpg,2,472,380,493,402,0,1
(0)000000076227.jpg,0,95,228,131,279,0,2
(1)000000076227.jpg,1,203,96,308,246,1,2
(2)000000076227.jpg,2,124,244,148,282,0,2
(0)up4491.jpg,0,11,260,24,276,0,2
(1)up4491.jpg,1,66,258,80,275,0,2
(2)up4491.jpg,2,143,75,201,142,1,2
(3)up4491.jpg,3,312,268,324,281,0,2
(4)up4491.jpg,4,15,219,27,233,0,2
(5)up4491.jpg,5,268,268,279,280,0,2
(6)up4491.jpg,6,445,268,459,285,0,2
(7)up4491.jpg,7,341,263,353,278,0,2
(8)up4491.jpg,8,435,214,447,228,0,2
(0)000000009279.jpg,0,298,120,355,194,1,2
(1)000000009279.jpg,1,18,160,92,227,1,2
(2)000000009279.jpg,2,228,190,245,211,0,2
(3)000000009279.jpg,3,241,171,256,189,0,2
(4)000000009279.jpg,4,182,179,195,194,0,2
(0)000000091223.jpg,0,40,90,57,114,0,2
(1)000000091223.jpg,1,96,51,158,137,1,2
(2)000000091223.jpg,2,305,96,359,158,1,2
(3)000000091223.jpg,3,203,92,232,130,0,2
(4)000000091223.jpg,4,263,73,296,117,0,2
(5)000000091223.jpg,5,442,106,466,137,0,2
(6)000000091223.jpg,6,153,73,190,124,0,2
(7)000000091223.jpg,7,5,93,33,138,0,2
(0)up0362.jpg,0,352,72,374,100,0,2
(1)up0362.jpg,1,446,81,464,108,0,2
(2)up0362.jpg,2,179,41,214,89,0,2
(3)up0362.jpg,3,532,73,554,105,0,2
(4)up0362.jpg,4,354,141,407,205,1,2
(5)up0362.jpg,5,267,30,286,56,0,2
(6)up0362.jpg,6,522,161,573,216,1,2
(7)up0362.jpg,7,47,155,98,220,1,2
(8)up0362.jpg,8,200,194,246,246,1,2
(9)up0362.jpg,9,40,0,62,18,0,2
(0)000000027054.jpg,0,497,125,520,155,0,2
(1)000000027054.jpg,1,481,208,524,263,1,2
(0)000000038657.jpg,0,173,3,194,32,0,2
(1)000000038657.jpg,1,413,3,436,37,0,2
(2)000000038657.jpg,2,493,5,520,41,0,2
(3)000000038657.jpg,3,602,20,627,54,0,2
(4)000000038657.jpg,4,245,6,267,35,0,2
(5)000000038657.jpg,5,290,160,322,207,1,2
(6)000000038657.jpg,6,326,12,349,42,0,2
(7)000000038657.jpg,7,98,0,122,20,0,2
(0)up1724.jpg,0,376,126,423,190,1,2
(1)up1724.jpg,1,263,52,296,96,1,2
(2)up1724.jpg,2,109,124,147,161,1,2
(0)up2322.jpg,0,48,35,100,108,1,2
(1)up2322.jpg,1,212,67,260,132,1,2
(2)up2322.jpg,2,377,68,423,130,1,2
(0)000000106766.jpg,0,310,78,356,153,1,2
(1)000000106766.jpg,1,461,10,496,48,0,2
(2)000000106766.jpg,2,176,75,209,126,0,2
(0)up0349.jpg,0,189,70,243,152,1,2
(1)up0349.jpg,1,265,61,308,128,0,2
(0)000000025209.jpg,0,324,148,341,169,1,2
(1)000000025209.jpg,1,148,170,168,197,1,2
(2)000000025209.jpg,2,388,155,407,179,1,2
(3)000000025209.jpg,3,518,233,555,284,1,2
(4)000000025209.jpg,4,493,196,519,228,1,2
(5)000000025209.jpg,5,114,262,151,308,1,2
(0)000000010426.jpg,0,240,177,282,225,1,2
(1)000000010426.jpg,1,355,161,366,176,0,1
(2)000000010426.jpg,2,397,203,405,213,0,1
(0)000000068769.jpg,0,350,158,384,202,1,2
(1)000000068769.jpg,1,239,170,252,186,0,2
(2)000000068769.jpg,2,155,170,166,187,0,2
(3)000000068769.jpg,3,22,285,35,302,0,2
(4)000000068769.jpg,4,442,147,492,201,1,2
(0)up1884.jpg,0,122,63,150,96,1,2
(1)up1884.jpg,1,316,59,330,76,0,2
(0)up0182.jpg,0,41,19,59,45,0,2
(1)up0182.jpg,1,139,21,155,42,0,2
(2)up0182.jpg,2,240,115,361,291,1,2
(3)up0182.jpg,3,48,94,90,149,0,2
(4)up0182.jpg,4,114,112,129,130,0,2
(5)up0182.jpg,5,201,29,215,48,0,2
(0)000000079056.jpg,0,402,87,461,163,1,2
(1)000000079056.jpg,1,510,153,565,221,1,2
(2)000000079056.jpg,2,164,76,228,163,1,2
(3)000000079056.jpg,3,281,117,337,190,1,2
(0)up2899.jpg,0,220,118,250,156,1,2
(1)up2899.jpg,1,328,119,358,158,1,2
(2)up2899.jpg,2,113,65,147,109,1,2
(0)000000027196.jpg,0,216,142,255,183,1,2
(1)000000027196.jpg,1,284,137,315,176,0,2
(2)000000027196.jpg,2,331,55,343,71,0,1
(0)up3034.jpg,0,86,127,97,141,0,2
(1)up3034.jpg,1,322,142,335,155,0,1
(0)up2787.jpg,0,244,97,302,169,1,2
(1)up2787.jpg,1,4,81,41,151,0,2
(0)000000034771.jpg,0,341,20,356,37,0,2
(1)000000034771.jpg,1,370,22,386,43,0,2
(2)000000034771.jpg,2,77,105,99,133,1,2
(3)000000034771.jpg,3,308,118,339,151,1,2
(4)000000034771.jpg,4,351,125,383,170,1,2
(5)000000034771.jpg,5,437,18,450,36,0,2
(6)000000034771.jpg,6,215,104,237,133,1,2
(7)000000034771.jpg,7,480,126,515,174,1,2
(8)000000034771.jpg,8,143,125,173,173,1,2
(0)up1319.jpg,0,286,134,304,155,1,2
(1)up1319.jpg,1,218,39,240,65,1,2
(2)up1319.jpg,2,167,61,189,87,1,2
(3)up1319.jpg,3,344,111,362,130,1,2
(4)up1319.jpg,4,361,212,384,239,1,2
(5)up1319.jpg,5,291,256,309,276,1,2
(0)000000002246.jpg,0,283,288,342,362,1,2
(1)000000002246.jpg,1,353,1,406,58,0,2
(2)000000002246.jpg,2,215,443,233,465,0,0
(0)000000033030.jpg,0,382,333,392,348,0,2
(1)000000033030.jpg,1,359,334,370,348,0,2
(2)000000033030.jpg,2,603,343,613,354,0,1
(3)000000033030.jpg,3,20,345,27,355,0,1
(0)000000036637.jpg,0,14,181,20,191,0,1
(1)000000036637.jpg,1,86,177,94,189,0,1
